Order ID,Product
ORD0001,Cereal
ORD0001,Milk
ORD0001,Sugar
ORD0002,Tea
ORD0002,Biscuits
ORD0002,Sugar
ORD0003,Chips
ORD0003,Chocolate
ORD0003,Juice
ORD0003,Rice
ORD0003,Biscuits
ORD0004,Milk
ORD0004,Bread
ORD0004,Butter
ORD0004,Eggs
ORD0005,Juice
ORD0005,Butter
ORD0005,Chocolate
ORD0006,Milk
ORD0006,Bread
ORD0006,Butter
ORD0007,Chips
ORD0007,Chocolate
ORD0007,Juice
ORD0007,Soap
ORD0007,Rice
ORD0008,Bread
ORD0008,Butter
ORD0008,Jam
ORD0009,Coffee
ORD0009,Biscuits
ORD0009,Sugar
ORD0010,Cheese
ORD0010,Bread
ORD0010,Butter
ORD0010,Biscuits
ORD0010,Cooking Oil
ORD0011,Cheese
ORD0011,Bread
ORD0011,Butter
ORD0011,Chocolate
ORD0011,Rice
ORD0012,Milk
ORD0012,Bread
ORD0012,Eggs
ORD0012,Shampoo
ORD0013,Cereal
ORD0013,Milk
ORD0013,Sugar
ORD0014,Flour
ORD0014,Cheese
ORD0014,Eggs
ORD0014,Butter
ORD0014,Cooking Oil
ORD0015,Chips
ORD0015,Chocolate
ORD0015,Juice
ORD0016,Milk
ORD0016,Soap
ORD0016,Chocolate
ORD0016,Cheese
ORD0016,Tea
ORD0017,Jam
ORD0017,Flour
ORD0017,Toothpaste
ORD0017,Bread
ORD0017,Coffee
ORD0018,Rice
ORD0018,Cooking Oil
ORD0018,Flour
ORD0018,Chips
ORD0019,Bread
ORD0019,Butter
ORD0019,Jam
ORD0020,Jam
ORD0020,Chocolate
ORD0020,Eggs
ORD0020,Cheese
ORD0021,Coffee
ORD0021,Soap
ORD0022,Bread
ORD0022,Butter
ORD0022,Jam
ORD0022,Tea
ORD0022,Soap
ORD0023,Tea
ORD0023,Biscuits
ORD0023,Sugar
ORD0024,Bread
ORD0024,Butter
ORD0024,Jam
ORD0025,Soap
ORD0025,Shampoo
ORD0025,Toothpaste
ORD0025,Bread
ORD0025,Biscuits
ORD0026,Coffee
ORD0026,Biscuits
ORD0026,Sugar
ORD0027,Cheese
ORD0027,Bread
ORD0027,Butter
ORD0027,Flour
ORD0027,Cereal
ORD0028,Bread
ORD0028,Butter
ORD0028,Jam
ORD0028,Sugar
ORD0028,Chocolate
ORD0029,Milk
ORD0029,Bread
ORD0029,Eggs
ORD0029,Coffee
ORD0029,Jam
ORD0030,Flour
ORD0030,Chips
ORD0030,Shampoo
ORD0030,Coffee
ORD0030,Cereal
ORD0031,Coffee
ORD0031,Biscuits
ORD0031,Sugar
ORD0032,Tea
ORD0032,Biscuits
ORD0032,Sugar
ORD0032,Milk
ORD0032,Chocolate
ORD0033,Tea
ORD0033,Biscuits
ORD0033,Sugar
ORD0033,Butter
ORD0033,Eggs
ORD0034,Tea
ORD0034,Biscuits
ORD0034,Sugar
ORD0035,Rice
ORD0035,Cooking Oil
ORD0035,Flour
ORD0035,Soap
ORD0035,Shampoo
ORD0036,Rice
ORD0036,Jam
ORD0036,Bread
ORD0036,Chips
ORD0037,Milk
ORD0037,Bread
ORD0037,Butter
ORD0038,Milk
ORD0038,Bread
ORD0038,Eggs
ORD0039,Eggs
ORD0039,Juice
ORD0039,Flour
ORD0039,Butter
ORD0040,Rice
ORD0040,Cooking Oil
ORD0040,Flour
ORD0040,Chips
ORD0040,Juice
ORD0041,Biscuits
ORD0041,Rice
ORD0041,Coffee
ORD0041,Soap
ORD0042,Cooking Oil
ORD0042,Sugar
ORD0042,Eggs
ORD0042,Biscuits
ORD0043,Milk
ORD0043,Bread
ORD0043,Eggs
ORD0043,Biscuits
ORD0044,Cooking Oil
ORD0044,Shampoo
ORD0044,Milk
ORD0045,Eggs
ORD0045,Tea
ORD0045,Biscuits
ORD0045,Butter
ORD0046,Flour
ORD0046,Cheese
ORD0047,Cheese
ORD0047,Bread
ORD0047,Butter
ORD0047,Juice
ORD0048,Soap
ORD0048,Shampoo
ORD0048,Toothpaste
ORD0048,Biscuits
ORD0049,Cereal
ORD0049,Milk
ORD0049,Sugar
ORD0050,Rice
ORD0050,Cooking Oil
ORD0050,Flour
ORD0050,Milk
ORD0051,Coffee
ORD0051,Biscuits
ORD0051,Sugar
ORD0051,Cheese
ORD0051,Shampoo
ORD0052,Soap
ORD0052,Cereal
ORD0052,Jam
ORD0052,Biscuits
ORD0052,Tea
ORD0053,Flour
ORD0053,Soap
ORD0054,Chips
ORD0054,Sugar
ORD0054,Tea
ORD0054,Shampoo
ORD0055,Cheese
ORD0055,Bread
ORD0055,Butter
ORD0055,Chocolate
ORD0056,Milk
ORD0056,Bread
ORD0056,Butter
ORD0057,Coffee
ORD0057,Biscuits
ORD0057,Sugar
ORD0057,Shampoo
ORD0057,Bread
ORD0058,Milk
ORD0058,Bread
ORD0058,Eggs
ORD0058,Flour
ORD0059,Milk
ORD0059,Bread
ORD0059,Eggs
ORD0059,Shampoo
ORD0059,Butter
ORD0060,Milk
ORD0060,Bread
ORD0060,Eggs
ORD0061,Bread
ORD0061,Butter
ORD0061,Jam
ORD0062,Cereal
ORD0062,Milk
ORD0062,Sugar
ORD0062,Shampoo
ORD0062,Tea
ORD0063,Milk
ORD0063,Bread
ORD0063,Eggs
ORD0063,Chocolate
ORD0063,Cooking Oil
ORD0064,Sugar
ORD0064,Bread
ORD0064,Cooking Oil
ORD0064,Rice
ORD0065,Milk
ORD0065,Bread
ORD0065,Butter
ORD0066,Eggs
ORD0066,Rice
ORD0066,Cereal
ORD0066,Cheese
ORD0067,Tea
ORD0067,Biscuits
ORD0067,Sugar
ORD0067,Cooking Oil
ORD0067,Chocolate
ORD0068,Jam
ORD0068,Coffee
ORD0068,Biscuits
ORD0068,Chocolate
ORD0069,Soap
ORD0069,Shampoo
ORD0069,Toothpaste
ORD0070,Milk
ORD0070,Bread
ORD0070,Eggs
ORD0070,Soap
ORD0070,Butter
ORD0071,Soap
ORD0071,Shampoo
ORD0071,Toothpaste
ORD0072,Tea
ORD0072,Biscuits
ORD0072,Sugar
ORD0072,Toothpaste
ORD0072,Butter
ORD0073,Sugar
ORD0073,Cooking Oil
ORD0074,Coffee
ORD0074,Biscuits
ORD0074,Sugar
ORD0074,Cooking Oil
ORD0074,Chocolate
ORD0075,Cheese
ORD0075,Bread
ORD0075,Butter
ORD0076,Cheese
ORD0076,Bread
ORD0076,Butter
ORD0077,Cheese
ORD0077,Bread
ORD0077,Butter
ORD0078,Cooking Oil
ORD0078,Toothpaste
ORD0078,Jam
ORD0079,Milk
ORD0079,Bread
ORD0079,Eggs
ORD0080,Chocolate
ORD0080,Biscuits
ORD0080,Rice
ORD0080,Bread
ORD0080,Soap
ORD0081,Tea
ORD0081,Biscuits
ORD0081,Sugar
ORD0082,Soap
ORD0082,Shampoo
ORD0082,Toothpaste
ORD0082,Coffee
ORD0082,Milk
ORD0083,Eggs
ORD0083,Shampoo
ORD0083,Cereal
ORD0084,Cheese
ORD0084,Bread
ORD0084,Butter
ORD0084,Shampoo
ORD0084,Cooking Oil
ORD0085,Chips
ORD0085,Chocolate
ORD0085,Juice
ORD0085,Toothpaste
ORD0085,Rice
ORD0086,Tea
ORD0086,Biscuits
ORD0086,Sugar
ORD0087,Cereal
ORD0087,Milk
ORD0087,Sugar
ORD0088,Jam
ORD0088,Cereal
ORD0089,Milk
ORD0089,Bread
ORD0089,Eggs
ORD0090,Milk
ORD0090,Bread
ORD0090,Butter
ORD0090,Flour
ORD0091,Soap
ORD0091,Shampoo
ORD0091,Toothpaste
ORD0092,Sugar
ORD0092,Cooking Oil
ORD0092,Cereal
ORD0092,Chips
ORD0093,Milk
ORD0093,Bread
ORD0093,Butter
ORD0093,Biscuits
ORD0094,Cereal
ORD0094,Milk
ORD0094,Sugar
ORD0094,Rice
ORD0094,Flour
ORD0095,Rice
ORD0095,Cooking Oil
ORD0095,Flour
ORD0095,Tea
ORD0096,Toothpaste
ORD0096,Butter
ORD0097,Jam
ORD0097,Rice
ORD0097,Biscuits
ORD0098,Chips
ORD0098,Chocolate
ORD0098,Juice
ORD0098,Butter
ORD0098,Milk
ORD0099,Chips
ORD0099,Chocolate
ORD0099,Juice
ORD0099,Shampoo
ORD0100,Bread
ORD0100,Butter
ORD0100,Jam
ORD0100,Coffee
ORD0101,Sugar
ORD0101,Rice
ORD0101,Coffee
ORD0102,Cereal
ORD0102,Rice
ORD0102,Toothpaste
ORD0103,Tea
ORD0103,Biscuits
ORD0103,Sugar
ORD0103,Chocolate
ORD0104,Bread
ORD0104,Butter
ORD0104,Jam
ORD0105,Coffee
ORD0105,Biscuits
ORD0105,Sugar
ORD0105,Bread
ORD0105,Jam
ORD0106,Coffee
ORD0106,Biscuits
ORD0106,Sugar
ORD0106,Chips
ORD0107,Cheese
ORD0107,Bread
ORD0107,Butter
ORD0108,Milk
ORD0108,Bread
ORD0108,Eggs
ORD0108,Flour
ORD0109,Milk
ORD0109,Bread
ORD0109,Butter
ORD0109,Cheese
ORD0110,Milk
ORD0110,Bread
ORD0110,Eggs
ORD0110,Juice
ORD0111,Rice
ORD0111,Cooking Oil
ORD0111,Flour
ORD0111,Juice
ORD0112,Bread
ORD0112,Butter
ORD0112,Jam
ORD0113,Cereal
ORD0113,Milk
ORD0113,Sugar
ORD0113,Bread
ORD0114,Tea
ORD0114,Biscuits
ORD0114,Sugar
ORD0114,Chips
ORD0114,Milk
ORD0115,Tea
ORD0115,Biscuits
ORD0115,Sugar
ORD0115,Jam
ORD0116,Cheese
ORD0116,Bread
ORD0116,Butter
ORD0116,Coffee
ORD0116,Eggs
ORD0117,Soap
ORD0117,Shampoo
ORD0117,Toothpaste
ORD0117,Eggs
ORD0118,Juice
ORD0118,Toothpaste
ORD0118,Coffee
ORD0118,Jam
ORD0118,Biscuits
ORD0119,Soap
ORD0119,Shampoo
ORD0119,Toothpaste
ORD0119,Biscuits
ORD0119,Milk
ORD0120,Milk
ORD0120,Bread
ORD0120,Butter
ORD0120,Cheese
ORD0120,Flour
ORD0121,Rice
ORD0121,Cooking Oil
ORD0121,Flour
ORD0122,Milk
ORD0122,Bread
ORD0122,Eggs
ORD0122,Flour
ORD0122,Toothpaste
ORD0123,Chips
ORD0123,Chocolate
ORD0123,Juice
ORD0123,Flour
ORD0123,Rice
ORD0124,Cereal
ORD0124,Milk
ORD0124,Sugar
ORD0125,Chips
ORD0125,Chocolate
ORD0125,Juice
ORD0126,Cooking Oil
ORD0126,Jam
ORD0127,Milk
ORD0127,Bread
ORD0127,Eggs
ORD0127,Biscuits
ORD0127,Coffee
ORD0128,Bread
ORD0128,Butter
ORD0128,Jam
ORD0128,Cereal
ORD0128,Cheese
ORD0129,Milk
ORD0129,Bread
ORD0129,Eggs
ORD0130,Cooking Oil
ORD0130,Bread
ORD0131,Rice
ORD0131,Cooking Oil
ORD0131,Flour
ORD0131,Milk
ORD0131,Chips
ORD0132,Tea
ORD0132,Biscuits
ORD0132,Sugar
ORD0132,Eggs
ORD0133,Tea
ORD0133,Biscuits
ORD0133,Sugar
ORD0134,Chips
ORD0134,Butter
ORD0135,Cereal
ORD0135,Milk
ORD0135,Sugar
ORD0136,Cereal
ORD0136,Milk
ORD0136,Sugar
ORD0137,Bread
ORD0137,Butter
ORD0137,Jam
ORD0137,Coffee
ORD0137,Soap
ORD0138,Coffee
ORD0138,Biscuits
ORD0138,Sugar
ORD0138,Rice
ORD0139,Cheese
ORD0139,Cereal
ORD0139,Butter
ORD0139,Toothpaste
ORD0139,Cooking Oil
ORD0140,Tea
ORD0140,Biscuits
ORD0140,Sugar
ORD0140,Chips
ORD0140,Soap
ORD0141,Toothpaste
ORD0141,Soap
ORD0141,Flour
ORD0142,Jam
ORD0142,Cooking Oil
ORD0142,Toothpaste
ORD0142,Tea
ORD0143,Soap
ORD0143,Shampoo
ORD0143,Toothpaste
ORD0143,Biscuits
ORD0143,Butter
ORD0144,Bread
ORD0144,Butter
ORD0144,Jam
ORD0144,Sugar
ORD0144,Toothpaste
ORD0145,Tea
ORD0145,Biscuits
ORD0145,Sugar
ORD0145,Toothpaste
ORD0146,Coffee
ORD0146,Biscuits
ORD0146,Sugar
ORD0146,Rice
ORD0147,Soap
ORD0147,Sugar
ORD0147,Butter
ORD0147,Biscuits
ORD0148,Soap
ORD0148,Shampoo
ORD0148,Toothpaste
ORD0149,Tea
ORD0149,Biscuits
ORD0149,Sugar
ORD0149,Flour
ORD0149,Toothpaste
ORD0150,Soap
ORD0150,Shampoo
ORD0150,Toothpaste
ORD0150,Cheese
ORD0151,Rice
ORD0151,Cooking Oil
ORD0151,Flour
ORD0151,Chips
ORD0151,Bread
ORD0152,Chips
ORD0152,Chocolate
ORD0152,Juice
ORD0153,Tea
ORD0153,Biscuits
ORD0153,Sugar
ORD0153,Bread
ORD0154,Coffee
ORD0154,Biscuits
ORD0154,Sugar
ORD0154,Chocolate
ORD0154,Cheese
ORD0155,Rice
ORD0155,Cooking Oil
ORD0155,Flour
ORD0155,Eggs
ORD0156,Cereal
ORD0156,Milk
ORD0156,Sugar
ORD0156,Toothpaste
ORD0157,Tea
ORD0157,Cheese
ORD0157,Cereal
ORD0157,Flour
ORD0158,Cooking Oil
ORD0158,Butter
ORD0158,Soap
ORD0158,Cereal
ORD0159,Bread
ORD0159,Butter
ORD0159,Jam
ORD0160,Juice
ORD0160,Shampoo
ORD0160,Biscuits
ORD0160,Cereal
ORD0161,Milk
ORD0161,Bread
ORD0161,Butter
ORD0162,Rice
ORD0162,Coffee
ORD0162,Tea
ORD0162,Chips
ORD0162,Cereal
ORD0163,Chips
ORD0163,Chocolate
ORD0163,Juice
ORD0163,Tea
ORD0163,Jam
ORD0164,Coffee
ORD0164,Biscuits
ORD0164,Sugar
ORD0165,Juice
ORD0165,Cheese
ORD0165,Chocolate
ORD0165,Soap
ORD0166,Coffee
ORD0166,Biscuits
ORD0166,Sugar
ORD0167,Soap
ORD0167,Shampoo
ORD0167,Toothpaste
ORD0167,Chips
ORD0168,Milk
ORD0168,Bread
ORD0168,Butter
ORD0169,Cooking Oil
ORD0169,Tea
ORD0169,Coffee
ORD0169,Biscuits
ORD0170,Chips
ORD0170,Soap
ORD0170,Shampoo
ORD0170,Sugar
ORD0170,Rice
ORD0171,Cereal
ORD0171,Shampoo
ORD0171,Cheese
ORD0171,Sugar
ORD0172,Cheese
ORD0172,Bread
ORD0172,Butter
ORD0172,Eggs
ORD0172,Sugar
ORD0173,Milk
ORD0173,Bread
ORD0173,Butter
ORD0173,Jam
ORD0174,Cereal
ORD0174,Milk
ORD0174,Sugar
ORD0175,Milk
ORD0175,Bread
ORD0175,Butter
ORD0175,Cereal
ORD0175,Jam
ORD0176,Soap
ORD0176,Shampoo
ORD0176,Toothpaste
ORD0177,Chips
ORD0177,Chocolate
ORD0177,Juice
ORD0177,Cheese
ORD0177,Soap
ORD0178,Tea
ORD0178,Biscuits
ORD0178,Sugar
ORD0178,Cooking Oil
ORD0179,Chips
ORD0179,Chocolate
ORD0179,Juice
ORD0179,Biscuits
ORD0179,Sugar
ORD0180,Chocolate
ORD0180,Cooking Oil
ORD0180,Chips
ORD0180,Butter
ORD0180,Cheese
ORD0181,Jam
ORD0181,Juice
ORD0181,Cooking Oil
ORD0181,Tea
ORD0182,Milk
ORD0182,Bread
ORD0182,Eggs
ORD0183,Cheese
ORD0183,Bread
ORD0183,Butter
ORD0184,Milk
ORD0184,Bread
ORD0184,Butter
ORD0185,Cheese
ORD0185,Bread
ORD0185,Butter
ORD0186,Bread
ORD0186,Butter
ORD0186,Jam
ORD0187,Bread
ORD0187,Butter
ORD0187,Jam
ORD0187,Flour
ORD0187,Cheese
ORD0188,Bread
ORD0188,Cheese
ORD0189,Bread
ORD0189,Butter
ORD0189,Jam
ORD0190,Jam
ORD0190,Milk
ORD0190,Biscuits
ORD0190,Eggs
ORD0191,Cereal
ORD0191,Milk
ORD0191,Sugar
ORD0191,Toothpaste
ORD0192,Tea
ORD0192,Biscuits
ORD0192,Sugar
ORD0193,Rice
ORD0193,Cooking Oil
ORD0193,Flour
ORD0193,Tea
ORD0193,Soap
ORD0194,Cheese
ORD0194,Bread
ORD0194,Butter
ORD0195,Chips
ORD0195,Chocolate
ORD0195,Juice
ORD0195,Rice
ORD0196,Milk
ORD0196,Bread
ORD0196,Eggs
ORD0196,Coffee
ORD0197,Milk
ORD0197,Bread
ORD0197,Butter
ORD0197,Coffee
ORD0197,Flour
ORD0198,Chips
ORD0198,Chocolate
ORD0198,Juice
ORD0199,Flour
ORD0199,Bread
ORD0199,Coffee
ORD0199,Toothpaste
ORD0200,Coffee
ORD0200,Biscuits
ORD0200,Sugar
ORD0200,Toothpaste
ORD0200,Rice
ORD0201,Toothpaste
ORD0201,Chocolate
ORD0202,Cereal
ORD0202,Milk
ORD0202,Sugar
ORD0202,Chips
ORD0202,Biscuits
ORD0203,Milk
ORD0203,Bread
ORD0203,Butter
ORD0203,Cereal
ORD0204,Milk
ORD0204,Bread
ORD0204,Butter
ORD0204,Chocolate
ORD0205,Chips
ORD0205,Chocolate
ORD0205,Juice
ORD0205,Bread
ORD0206,Soap
ORD0206,Shampoo
ORD0206,Toothpaste
ORD0206,Bread
ORD0206,Cooking Oil
ORD0207,Milk
ORD0207,Bread
ORD0207,Eggs
ORD0207,Jam
ORD0208,Rice
ORD0208,Cooking Oil
ORD0208,Flour
ORD0209,Coffee
ORD0209,Biscuits
ORD0209,Sugar
ORD0209,Butter
ORD0209,Toothpaste
ORD0210,Coffee
ORD0210,Biscuits
ORD0210,Sugar
ORD0211,Bread
ORD0211,Butter
ORD0211,Jam
ORD0211,Cereal
ORD0212,Cereal
ORD0212,Milk
ORD0212,Sugar
ORD0212,Jam
ORD0212,Bread
ORD0213,Coffee
ORD0213,Cheese
ORD0213,Shampoo
ORD0214,Chocolate
ORD0214,Juice
ORD0214,Milk
ORD0214,Coffee
ORD0214,Soap
ORD0215,Cheese
ORD0215,Bread
ORD0215,Butter
ORD0216,Milk
ORD0216,Bread
ORD0216,Butter
ORD0216,Cooking Oil
ORD0217,Tea
ORD0217,Cereal
ORD0218,Soap
ORD0218,Shampoo
ORD0218,Toothpaste
ORD0218,Butter
ORD0218,Cereal
ORD0219,Soap
ORD0219,Shampoo
ORD0219,Toothpaste
ORD0219,Biscuits
ORD0220,Coffee
ORD0220,Biscuits
ORD0220,Sugar
ORD0220,Chocolate
ORD0220,Butter
ORD0221,Rice
ORD0221,Cooking Oil
ORD0221,Flour
ORD0222,Chips
ORD0222,Chocolate
ORD0222,Juice
ORD0223,Cereal
ORD0223,Milk
ORD0223,Sugar
ORD0224,Tea
ORD0224,Biscuits
ORD0224,Sugar
ORD0224,Cheese
ORD0225,Chips
ORD0225,Chocolate
ORD0225,Juice
ORD0226,Jam
ORD0226,Cheese
ORD0227,Cereal
ORD0227,Milk
ORD0227,Sugar
ORD0227,Butter
ORD0227,Flour
ORD0228,Coffee
ORD0228,Jam
ORD0228,Milk
ORD0228,Juice
ORD0228,Chocolate
ORD0229,Tea
ORD0229,Biscuits
ORD0229,Sugar
ORD0229,Cooking Oil
ORD0229,Jam
ORD0230,Milk
ORD0230,Bread
ORD0230,Eggs
ORD0230,Rice
ORD0231,Cheese
ORD0231,Bread
ORD0231,Butter
ORD0232,Milk
ORD0232,Bread
ORD0232,Butter
ORD0232,Tea
ORD0232,Sugar
ORD0233,Chips
ORD0233,Chocolate
ORD0233,Juice
ORD0233,Biscuits
ORD0234,Chips
ORD0234,Chocolate
ORD0234,Juice
ORD0234,Biscuits
ORD0234,Tea
ORD0235,Coffee
ORD0235,Sugar
ORD0235,Soap
ORD0235,Biscuits
ORD0235,Cheese
ORD0236,Rice
ORD0236,Cooking Oil
ORD0236,Flour
ORD0237,Cereal
ORD0237,Milk
ORD0237,Sugar
ORD0238,Milk
ORD0238,Bread
ORD0238,Eggs
ORD0238,Flour
ORD0238,Chips
ORD0239,Shampoo
ORD0239,Cheese
ORD0239,Bread
ORD0239,Toothpaste
ORD0240,Cereal
ORD0240,Milk
ORD0240,Sugar
ORD0240,Chips
ORD0240,Biscuits
ORD0241,Rice
ORD0241,Cooking Oil
ORD0241,Flour
ORD0241,Shampoo
ORD0241,Cheese
ORD0242,Rice
ORD0242,Cooking Oil
ORD0242,Flour
ORD0242,Chocolate
ORD0243,Cereal
ORD0243,Milk
ORD0243,Sugar
ORD0243,Eggs
ORD0244,Bread
ORD0244,Butter
ORD0244,Jam
ORD0244,Eggs
ORD0244,Coffee
ORD0245,Coffee
ORD0245,Biscuits
ORD0245,Sugar
ORD0245,Butter
ORD0245,Cereal
ORD0246,Cheese
ORD0246,Bread
ORD0246,Butter
ORD0246,Milk
ORD0246,Chocolate
ORD0247,Chocolate
ORD0247,Eggs
ORD0247,Coffee
ORD0247,Chips
ORD0247,Cooking Oil
ORD0248,Milk
ORD0248,Bread
ORD0248,Butter
ORD0249,Milk
ORD0249,Bread
ORD0249,Butter
ORD0249,Tea
ORD0249,Chocolate
ORD0250,Rice
ORD0250,Cooking Oil
ORD0250,Flour
ORD0251,Rice
ORD0251,Cooking Oil
ORD0251,Flour
ORD0251,Juice
ORD0251,Butter
ORD0252,Bread
ORD0252,Butter
ORD0252,Jam
ORD0252,Tea
ORD0252,Cereal
ORD0253,Chips
ORD0253,Chocolate
ORD0253,Juice
ORD0254,Rice
ORD0254,Cooking Oil
ORD0254,Flour
ORD0255,Rice
ORD0255,Cooking Oil
ORD0255,Flour
ORD0255,Chips
ORD0255,Tea
ORD0256,Chips
ORD0256,Biscuits
ORD0256,Jam
ORD0256,Toothpaste
ORD0256,Rice
ORD0257,Soap
ORD0257,Shampoo
ORD0257,Toothpaste
ORD0257,Chips
ORD0258,Milk
ORD0258,Bread
ORD0258,Eggs
ORD0258,Cooking Oil
ORD0259,Bread
ORD0259,Tea
ORD0259,Flour
ORD0259,Jam
ORD0259,Chips
ORD0260,Cereal
ORD0260,Milk
ORD0260,Sugar
ORD0260,Tea
ORD0261,Soap
ORD0261,Milk
ORD0261,Cooking Oil
ORD0261,Coffee
ORD0262,Rice
ORD0262,Cooking Oil
ORD0262,Flour
ORD0263,Chips
ORD0263,Chocolate
ORD0263,Juice
ORD0264,Milk
ORD0264,Bread
ORD0264,Butter
ORD0264,Chips
ORD0264,Cooking Oil
ORD0265,Coffee
ORD0265,Biscuits
ORD0265,Sugar
ORD0265,Jam
ORD0266,Soap
ORD0266,Shampoo
ORD0266,Toothpaste
ORD0267,Tea
ORD0267,Biscuits
ORD0267,Sugar
ORD0267,Cooking Oil
ORD0268,Milk
ORD0268,Bread
ORD0268,Eggs
ORD0268,Jam
ORD0269,Coffee
ORD0269,Biscuits
ORD0269,Sugar
ORD0270,Tea
ORD0270,Biscuits
ORD0270,Sugar
ORD0270,Eggs
ORD0271,Chips
ORD0271,Chocolate
ORD0271,Juice
ORD0271,Soap
ORD0272,Chips
ORD0272,Chocolate
ORD0272,Juice
ORD0272,Shampoo
ORD0272,Cheese
ORD0273,Milk
ORD0273,Bread
ORD0273,Butter
ORD0274,Cereal
ORD0274,Milk
ORD0274,Sugar
ORD0275,Milk
ORD0275,Bread
ORD0275,Butter
ORD0275,Rice
ORD0275,Cheese
ORD0276,Cereal
ORD0276,Soap
ORD0276,Tea
ORD0276,Jam
ORD0276,Rice
ORD0277,Tea
ORD0277,Biscuits
ORD0277,Sugar
ORD0278,Coffee
ORD0278,Biscuits
ORD0278,Sugar
ORD0278,Bread
ORD0278,Toothpaste
ORD0279,Chips
ORD0279,Chocolate
ORD0279,Juice
ORD0279,Tea
ORD0279,Cereal
ORD0280,Milk
ORD0280,Bread
ORD0280,Butter
ORD0280,Cereal
ORD0281,Bread
ORD0281,Butter
ORD0281,Jam
ORD0281,Juice
ORD0282,Toothpaste
ORD0282,Cereal
ORD0282,Coffee
ORD0282,Cheese
ORD0282,Bread
ORD0283,Milk
ORD0283,Juice
ORD0283,Cheese
ORD0283,Chips
ORD0283,Shampoo
ORD0284,Cheese
ORD0284,Bread
ORD0284,Butter
ORD0284,Shampoo
ORD0285,Tea
ORD0285,Cooking Oil
ORD0285,Biscuits
ORD0285,Soap
ORD0286,Cheese
ORD0286,Bread
ORD0286,Butter
ORD0286,Sugar
ORD0287,Tea
ORD0287,Biscuits
ORD0287,Sugar
ORD0287,Coffee
ORD0287,Toothpaste
ORD0288,Soap
ORD0288,Shampoo
ORD0288,Toothpaste
ORD0289,Soap
ORD0289,Juice
ORD0289,Butter
ORD0289,Sugar
ORD0289,Cooking Oil
ORD0290,Tea
ORD0290,Biscuits
ORD0290,Sugar
ORD0290,Juice
ORD0290,Jam
ORD0291,Tea
ORD0291,Sugar
ORD0291,Jam
ORD0292,Tea
ORD0292,Biscuits
ORD0292,Sugar
ORD0292,Toothpaste
ORD0293,Coffee
ORD0293,Biscuits
ORD0293,Sugar
ORD0293,Juice
ORD0293,Flour
ORD0294,Coffee
ORD0294,Biscuits
ORD0294,Sugar
ORD0294,Cereal
ORD0294,Soap
ORD0295,Chocolate
ORD0295,Milk
ORD0295,Cereal
ORD0295,Soap
ORD0295,Toothpaste
ORD0296,Rice
ORD0296,Cooking Oil
ORD0296,Flour
ORD0296,Chocolate
ORD0297,Chips
ORD0297,Tea
ORD0297,Bread
ORD0297,Soap
ORD0298,Cheese
ORD0298,Bread
ORD0298,Butter
ORD0298,Rice
ORD0298,Tea
ORD0299,Soap
ORD0299,Shampoo
ORD0299,Toothpaste
ORD0299,Coffee
ORD0300,Tea
ORD0300,Biscuits
ORD0300,Sugar
ORD0301,Cheese
ORD0301,Bread
ORD0301,Butter
ORD0301,Juice
ORD0302,Butter
ORD0302,Juice
ORD0302,Coffee
ORD0302,Tea
ORD0303,Tea
ORD0303,Biscuits
ORD0303,Sugar
ORD0303,Soap
ORD0304,Milk
ORD0304,Sugar
ORD0304,Jam
ORD0304,Flour
ORD0305,Chips
ORD0305,Biscuits
ORD0305,Flour
ORD0305,Milk
ORD0305,Butter
ORD0306,Milk
ORD0306,Bread
ORD0306,Eggs
ORD0307,Milk
ORD0307,Bread
ORD0307,Eggs
ORD0307,Shampoo
ORD0308,Chocolate
ORD0308,Jam
ORD0308,Cooking Oil
ORD0308,Coffee
ORD0308,Cheese
ORD0309,Cooking Oil
ORD0309,Tea
ORD0309,Cereal
ORD0310,Rice
ORD0310,Cooking Oil
ORD0310,Flour
ORD0311,Chips
ORD0311,Butter
ORD0311,Sugar
ORD0311,Coffee
ORD0312,Tea
ORD0312,Flour
ORD0312,Sugar
ORD0312,Cheese
ORD0312,Butter
ORD0313,Tea
ORD0313,Biscuits
ORD0313,Sugar
ORD0314,Tea
ORD0314,Biscuits
ORD0314,Sugar
ORD0315,Rice
ORD0315,Cooking Oil
ORD0315,Flour
ORD0315,Sugar
ORD0315,Cereal
ORD0316,Coffee
ORD0316,Biscuits
ORD0316,Sugar
ORD0316,Juice
ORD0317,Coffee
ORD0317,Biscuits
ORD0317,Sugar
ORD0318,Cereal
ORD0318,Milk
ORD0318,Sugar
ORD0318,Butter
ORD0319,Cheese
ORD0319,Bread
ORD0319,Butter
ORD0319,Cooking Oil
ORD0320,Cereal
ORD0320,Milk
ORD0320,Sugar
ORD0320,Butter
ORD0320,Juice
ORD0321,Cooking Oil
ORD0321,Milk
ORD0321,Biscuits
ORD0322,Rice
ORD0322,Cooking Oil
ORD0322,Flour
ORD0323,Tea
ORD0323,Biscuits
ORD0323,Sugar
ORD0323,Eggs
ORD0324,Rice
ORD0324,Cooking Oil
ORD0324,Flour
ORD0324,Juice
ORD0324,Tea
ORD0325,Bread
ORD0325,Butter
ORD0325,Jam
ORD0326,Shampoo
ORD0326,Cooking Oil
ORD0326,Sugar
ORD0327,Shampoo
ORD0327,Toothpaste
ORD0328,Soap
ORD0328,Shampoo
ORD0328,Toothpaste
ORD0329,Soap
ORD0329,Chocolate
ORD0329,Sugar
ORD0329,Juice
ORD0329,Butter
ORD0330,Bread
ORD0330,Butter
ORD0330,Jam
ORD0330,Coffee
ORD0330,Milk
ORD0331,Bread
ORD0331,Butter
ORD0331,Jam
ORD0331,Soap
ORD0331,Milk
ORD0332,Cereal
ORD0332,Milk
ORD0332,Sugar
ORD0332,Juice
ORD0332,Cooking Oil
ORD0333,Rice
ORD0333,Cooking Oil
ORD0333,Bread
ORD0334,Milk
ORD0334,Bread
ORD0334,Eggs
ORD0334,Jam
ORD0334,Sugar
ORD0335,Milk
ORD0335,Bread
ORD0335,Eggs
ORD0335,Butter
ORD0335,Jam
ORD0336,Toothpaste
ORD0336,Chocolate
ORD0336,Sugar
ORD0336,Bread
ORD0336,Biscuits
ORD0337,Cereal
ORD0337,Milk
ORD0337,Sugar
ORD0337,Flour
ORD0338,Rice
ORD0338,Cooking Oil
ORD0338,Flour
ORD0338,Sugar
ORD0338,Coffee
ORD0339,Cereal
ORD0339,Milk
ORD0339,Sugar
ORD0339,Soap
ORD0339,Eggs
ORD0340,Coffee
ORD0340,Biscuits
ORD0340,Sugar
ORD0341,Soap
ORD0341,Coffee
ORD0341,Tea
ORD0341,Bread
ORD0342,Bread
ORD0342,Butter
ORD0342,Jam
ORD0342,Tea
ORD0342,Soap
ORD0343,Cheese
ORD0343,Bread
ORD0343,Butter
ORD0343,Jam
ORD0344,Chips
ORD0344,Chocolate
ORD0344,Juice
ORD0345,Flour
ORD0345,Coffee
ORD0345,Milk
ORD0346,Rice
ORD0346,Cooking Oil
ORD0346,Flour
ORD0346,Coffee
ORD0346,Chips
ORD0347,Chips
ORD0347,Chocolate
ORD0347,Juice
ORD0348,Cereal
ORD0348,Milk
ORD0348,Sugar
ORD0349,Cereal
ORD0349,Milk
ORD0349,Sugar
ORD0349,Chocolate
ORD0349,Juice
ORD0350,Soap
ORD0350,Shampoo
ORD0350,Toothpaste
ORD0351,Rice
ORD0351,Cooking Oil
ORD0351,Flour
ORD0351,Bread
ORD0351,Juice
ORD0352,Juice
ORD0352,Shampoo
ORD0352,Chocolate
ORD0352,Soap
ORD0352,Chips
ORD0353,Cereal
ORD0353,Cheese
ORD0353,Rice
ORD0353,Chips
ORD0353,Chocolate
ORD0354,Milk
ORD0354,Bread
ORD0354,Eggs
ORD0354,Soap
ORD0354,Chips
ORD0355,Chips
ORD0355,Chocolate
ORD0355,Juice
ORD0356,Coffee
ORD0356,Biscuits
ORD0356,Sugar
ORD0357,Cooking Oil
ORD0357,Soap
ORD0358,Milk
ORD0358,Bread
ORD0358,Butter
ORD0358,Jam
ORD0359,Rice
ORD0359,Cooking Oil
ORD0359,Flour
ORD0359,Jam
ORD0360,Toothpaste
ORD0360,Cheese
ORD0361,Bread
ORD0361,Rice
ORD0362,Chips
ORD0362,Chocolate
ORD0362,Juice
ORD0362,Flour
ORD0362,Shampoo
ORD0363,Soap
ORD0363,Shampoo
ORD0363,Toothpaste
ORD0364,Juice
ORD0364,Chocolate
ORD0364,Jam
ORD0365,Soap
ORD0365,Shampoo
ORD0365,Toothpaste
ORD0365,Cereal
ORD0365,Flour
ORD0366,Milk
ORD0366,Bread
ORD0366,Butter
ORD0366,Soap
ORD0367,Soap
ORD0367,Shampoo
ORD0367,Toothpaste
ORD0367,Jam
ORD0367,Flour
ORD0368,Milk
ORD0368,Bread
ORD0368,Eggs
ORD0369,Cheese
ORD0369,Bread
ORD0369,Butter
ORD0369,Chips
ORD0370,Milk
ORD0370,Bread
ORD0370,Eggs
ORD0370,Soap
ORD0371,Cereal
ORD0371,Milk
ORD0371,Sugar
ORD0371,Tea
ORD0372,Tea
ORD0372,Biscuits
ORD0372,Sugar
ORD0373,Cereal
ORD0373,Milk
ORD0373,Sugar
ORD0373,Toothpaste
ORD0373,Juice
ORD0374,Cheese
ORD0374,Coffee
ORD0374,Tea
ORD0375,Coffee
ORD0375,Biscuits
ORD0375,Sugar
ORD0376,Cheese
ORD0376,Bread
ORD0376,Butter
ORD0377,Cheese
ORD0377,Bread
ORD0377,Butter
ORD0378,Cereal
ORD0378,Milk
ORD0378,Sugar
ORD0378,Bread
ORD0379,Jam
ORD0379,Eggs
ORD0379,Bread
ORD0380,Cereal
ORD0380,Milk
ORD0380,Sugar
ORD0381,Bread
ORD0381,Butter
ORD0381,Jam
ORD0381,Rice
ORD0382,Butter
ORD0382,Chocolate
ORD0382,Milk
ORD0383,Cheese
ORD0383,Eggs
ORD0383,Toothpaste
ORD0384,Cheese
ORD0384,Bread
ORD0384,Butter
ORD0385,Chips
ORD0385,Chocolate
ORD0385,Juice
ORD0385,Toothpaste
ORD0386,Tea
ORD0386,Biscuits
ORD0386,Sugar
ORD0386,Flour
ORD0387,Milk
ORD0387,Bread
ORD0387,Butter
ORD0387,Jam
ORD0387,Chocolate
ORD0388,Milk
ORD0388,Bread
ORD0388,Eggs
ORD0389,Eggs
ORD0389,Cereal
ORD0390,Chips
ORD0390,Chocolate
ORD0390,Juice
ORD0391,Tea
ORD0391,Biscuits
ORD0391,Sugar
ORD0392,Milk
ORD0392,Bread
ORD0392,Butter
ORD0393,Cheese
ORD0393,Bread
ORD0393,Butter
ORD0393,Chocolate
ORD0394,Rice
ORD0394,Cooking Oil
ORD0394,Flour
ORD0394,Sugar
ORD0394,Toothpaste
ORD0395,Chips
ORD0395,Chocolate
ORD0395,Juice
ORD0395,Flour
ORD0395,Biscuits
ORD0396,Cereal
ORD0396,Milk
ORD0396,Sugar
ORD0396,Butter
ORD0396,Coffee
ORD0397,Cereal
ORD0397,Milk
ORD0397,Sugar
ORD0397,Tea
ORD0397,Flour
ORD0398,Coffee
ORD0398,Biscuits
ORD0398,Sugar
ORD0398,Chips
ORD0398,Soap
ORD0399,Soap
ORD0399,Shampoo
ORD0399,Toothpaste
ORD0400,Coffee
ORD0400,Biscuits
ORD0400,Sugar
ORD0400,Tea
ORD0400,Milk
ORD0401,Milk
ORD0401,Bread
ORD0401,Butter
ORD0401,Coffee
ORD0401,Soap
ORD0402,Coffee
ORD0402,Biscuits
ORD0402,Sugar
ORD0402,Cooking Oil
ORD0403,Eggs
ORD0403,Bread
ORD0403,Juice
ORD0403,Toothpaste
ORD0404,Coffee
ORD0404,Biscuits
ORD0404,Sugar
ORD0405,Rice
ORD0405,Cooking Oil
ORD0405,Flour
ORD0405,Biscuits
ORD0405,Toothpaste
ORD0406,Soap
ORD0406,Shampoo
ORD0406,Toothpaste
ORD0407,Milk
ORD0407,Bread
ORD0407,Butter
ORD0407,Cheese
ORD0408,Milk
ORD0408,Bread
ORD0408,Butter
ORD0408,Rice
ORD0409,Soap
ORD0409,Shampoo
ORD0409,Toothpaste
ORD0409,Milk
ORD0410,Milk
ORD0410,Bread
ORD0410,Eggs
ORD0410,Coffee
ORD0410,Biscuits
ORD0411,Rice
ORD0411,Cooking Oil
ORD0411,Flour
ORD0411,Chocolate
ORD0411,Jam
ORD0412,Rice
ORD0412,Cooking Oil
ORD0412,Flour
ORD0412,Jam
ORD0413,Milk
ORD0413,Bread
ORD0413,Butter
ORD0413,Soap
ORD0413,Flour
ORD0414,Cereal
ORD0414,Milk
ORD0414,Sugar
ORD0414,Biscuits
ORD0415,Rice
ORD0415,Cooking Oil
ORD0415,Flour
ORD0416,Soap
ORD0416,Shampoo
ORD0416,Toothpaste
ORD0416,Chocolate
ORD0416,Bread
ORD0417,Chips
ORD0417,Chocolate
ORD0417,Juice
ORD0417,Milk
ORD0418,Soap
ORD0418,Shampoo
ORD0418,Toothpaste
ORD0419,Rice
ORD0419,Cooking Oil
ORD0419,Flour
ORD0419,Toothpaste
ORD0420,Jam
ORD0420,Biscuits
ORD0420,Juice
ORD0421,Tea
ORD0421,Biscuits
ORD0421,Sugar
ORD0421,Cereal
ORD0421,Coffee
ORD0422,Cooking Oil
ORD0422,Flour
ORD0423,Milk
ORD0423,Bread
ORD0423,Eggs
ORD0423,Juice
ORD0423,Flour
ORD0424,Cheese
ORD0424,Bread
ORD0424,Butter
ORD0425,Tea
ORD0425,Biscuits
ORD0425,Sugar
ORD0426,Cheese
ORD0426,Bread
ORD0426,Butter
ORD0426,Tea
ORD0427,Butter
ORD0427,Bread
ORD0427,Tea
ORD0427,Juice
ORD0427,Milk
ORD0428,Rice
ORD0428,Cooking Oil
ORD0428,Flour
ORD0428,Bread
ORD0428,Sugar
ORD0429,Soap
ORD0429,Shampoo
ORD0429,Toothpaste
ORD0429,Butter
ORD0430,Shampoo
ORD0430,Juice
ORD0431,Bread
ORD0431,Butter
ORD0431,Jam
ORD0431,Cereal
ORD0432,Soap
ORD0432,Coffee
ORD0432,Cooking Oil
ORD0432,Flour
ORD0433,Bread
ORD0433,Butter
ORD0433,Jam
ORD0433,Cheese
ORD0433,Rice
ORD0434,Rice
ORD0434,Cooking Oil
ORD0434,Flour
ORD0435,Chips
ORD0435,Chocolate
ORD0435,Juice
ORD0435,Soap
ORD0436,Coffee
ORD0436,Biscuits
ORD0436,Sugar
ORD0436,Flour
ORD0437,Soap
ORD0437,Shampoo
ORD0437,Toothpaste
ORD0437,Chips
ORD0438,Milk
ORD0438,Bread
ORD0438,Eggs
ORD0438,Chocolate
ORD0439,Rice
ORD0439,Cooking Oil
ORD0439,Flour
ORD0440,Tea
ORD0440,Biscuits
ORD0440,Sugar
ORD0440,Coffee
ORD0441,Coffee
ORD0441,Biscuits
ORD0441,Sugar
ORD0442,Eggs
ORD0442,Cereal
ORD0442,Toothpaste
ORD0443,Cheese
ORD0443,Bread
ORD0443,Butter
ORD0444,Cereal
ORD0444,Milk
ORD0444,Sugar
ORD0444,Toothpaste
ORD0445,Cheese
ORD0445,Bread
ORD0445,Butter
ORD0446,Tea
ORD0446,Biscuits
ORD0446,Sugar
ORD0446,Eggs
ORD0447,Milk
ORD0447,Bread
ORD0447,Butter
ORD0447,Shampoo
ORD0448,Rice
ORD0448,Cooking Oil
ORD0448,Flour
ORD0448,Soap
ORD0449,Eggs
ORD0449,Tea
ORD0449,Juice
ORD0449,Cheese
ORD0450,Tea
ORD0450,Biscuits
ORD0450,Sugar
ORD0450,Cereal
ORD0450,Shampoo
ORD0451,Eggs
ORD0451,Cheese
ORD0452,Bread
ORD0452,Cereal
ORD0453,Cheese
ORD0453,Bread
ORD0453,Butter
ORD0453,Tea
ORD0453,Juice
ORD0454,Milk
ORD0454,Bread
ORD0454,Butter
ORD0454,Tea
ORD0454,Toothpaste
ORD0455,Juice
ORD0455,Soap
ORD0456,Cereal
ORD0456,Juice
ORD0456,Toothpaste
ORD0456,Sugar
ORD0456,Chips
ORD0457,Cheese
ORD0457,Bread
ORD0457,Butter
ORD0457,Jam
ORD0457,Milk
ORD0458,Tea
ORD0458,Biscuits
ORD0458,Sugar
ORD0458,Shampoo
ORD0459,Tea
ORD0459,Biscuits
ORD0459,Sugar
ORD0459,Soap
ORD0460,Milk
ORD0460,Bread
ORD0460,Eggs
ORD0460,Biscuits
ORD0460,Toothpaste
ORD0461,Coffee
ORD0461,Biscuits
ORD0461,Sugar
ORD0461,Cereal
ORD0462,Milk
ORD0462,Bread
ORD0462,Butter
ORD0463,Milk
ORD0463,Bread
ORD0463,Eggs
ORD0463,Juice
ORD0463,Shampoo
ORD0464,Cheese
ORD0464,Bread
ORD0464,Butter
ORD0465,Milk
ORD0465,Bread
ORD0465,Butter
ORD0465,Eggs
ORD0465,Cooking Oil
ORD0466,Milk
ORD0466,Bread
ORD0466,Eggs
ORD0466,Cooking Oil
ORD0467,Bread
ORD0467,Butter
ORD0467,Jam
ORD0468,Coffee
ORD0468,Biscuits
ORD0468,Sugar
ORD0468,Soap
ORD0469,Rice
ORD0469,Cheese
ORD0469,Sugar
ORD0470,Milk
ORD0470,Bread
ORD0470,Eggs
ORD0470,Shampoo
ORD0470,Cooking Oil
ORD0471,Cheese
ORD0471,Bread
ORD0471,Butter
ORD0471,Sugar
ORD0471,Chips
ORD0472,Soap
ORD0472,Shampoo
ORD0472,Toothpaste
ORD0472,Milk
ORD0472,Butter
ORD0473,Chips
ORD0473,Chocolate
ORD0473,Juice
ORD0473,Bread
ORD0473,Milk
ORD0474,Cheese
ORD0474,Milk
ORD0474,Flour
ORD0475,Tea
ORD0475,Biscuits
ORD0475,Sugar
ORD0475,Jam
ORD0475,Chocolate
ORD0476,Milk
ORD0476,Bread
ORD0476,Eggs
ORD0477,Milk
ORD0477,Bread
ORD0477,Butter
ORD0477,Chips
ORD0477,Shampoo
ORD0478,Sugar
ORD0478,Cooking Oil
ORD0478,Cereal
ORD0479,Milk
ORD0479,Bread
ORD0479,Butter
ORD0480,Coffee
ORD0480,Biscuits
ORD0480,Sugar
ORD0481,Cheese
ORD0481,Bread
ORD0481,Butter
ORD0481,Juice
ORD0482,Cereal
ORD0482,Milk
ORD0482,Sugar
ORD0483,Cereal
ORD0483,Milk
ORD0483,Sugar
ORD0484,Chips
ORD0484,Chocolate
ORD0484,Juice
ORD0485,Milk
ORD0485,Bread
ORD0485,Eggs
ORD0485,Jam
ORD0486,Coffee
ORD0486,Biscuits
ORD0486,Sugar
ORD0487,Soap
ORD0487,Shampoo
ORD0487,Toothpaste
ORD0487,Cereal
ORD0488,Chips
ORD0488,Chocolate
ORD0488,Juice
ORD0488,Toothpaste
ORD0489,Cereal
ORD0489,Milk
ORD0489,Sugar
ORD0489,Flour
ORD0489,Rice
ORD0490,Rice
ORD0490,Cooking Oil
ORD0490,Flour
ORD0490,Cheese
ORD0491,Coffee
ORD0491,Biscuits
ORD0491,Sugar
ORD0491,Cheese
ORD0492,Rice
ORD0492,Cooking Oil
ORD0492,Flour
ORD0493,Cheese
ORD0493,Bread
ORD0493,Butter
ORD0493,Coffee
ORD0493,Cooking Oil
ORD0494,Cheese
ORD0494,Bread
ORD0494,Butter
ORD0494,Cooking Oil
ORD0494,Jam
ORD0495,Milk
ORD0495,Bread
ORD0495,Eggs
ORD0495,Cooking Oil
ORD0495,Jam
ORD0496,Tea
ORD0496,Biscuits
ORD0496,Sugar
ORD0496,Milk
ORD0497,Cheese
ORD0497,Bread
ORD0497,Butter
ORD0497,Tea
ORD0498,Tea
ORD0498,Biscuits
ORD0498,Sugar
ORD0499,Coffee
ORD0499,Biscuits
ORD0499,Sugar
ORD0499,Shampoo
ORD0500,Eggs
ORD0500,Chips
ORD0500,Cooking Oil
ORD0500,Rice
ORD0500,Tea
ORD0501,Cereal
ORD0501,Milk
ORD0501,Sugar
ORD0501,Butter
ORD0501,Tea
ORD0502,Cheese
ORD0502,Bread
ORD0502,Butter
ORD0502,Toothpaste
ORD0503,Rice
ORD0503,Cooking Oil
ORD0503,Flour
ORD0504,Milk
ORD0504,Bread
ORD0504,Eggs
ORD0504,Jam
ORD0504,Coffee
ORD0505,Rice
ORD0505,Cooking Oil
ORD0505,Flour
ORD0505,Butter
ORD0505,Cheese
ORD0506,Coffee
ORD0506,Biscuits
ORD0506,Sugar
ORD0506,Shampoo
ORD0507,Coffee
ORD0507,Biscuits
ORD0507,Sugar
ORD0507,Chocolate
ORD0507,Soap
ORD0508,Rice
ORD0508,Cooking Oil
ORD0508,Flour
ORD0508,Sugar
ORD0509,Tea
ORD0509,Cheese
ORD0509,Jam
ORD0510,Rice
ORD0510,Toothpaste
ORD0511,Bread
ORD0511,Butter
ORD0511,Jam
ORD0511,Chips
ORD0512,Milk
ORD0512,Bread
ORD0512,Eggs
ORD0513,Bread
ORD0513,Butter
ORD0513,Jam
ORD0514,Chips
ORD0514,Butter
ORD0514,Biscuits
ORD0514,Cereal
ORD0514,Soap
ORD0515,Bread
ORD0515,Butter
ORD0515,Jam
ORD0515,Cheese
ORD0516,Flour
ORD0516,Cereal
ORD0517,Milk
ORD0517,Bread
ORD0517,Butter
ORD0518,Milk
ORD0518,Bread
ORD0518,Butter
ORD0518,Rice
ORD0518,Sugar
ORD0519,Rice
ORD0519,Cooking Oil
ORD0519,Butter
ORD0520,Tea
ORD0520,Biscuits
ORD0520,Sugar
ORD0520,Milk
ORD0520,Soap
ORD0521,Bread
ORD0521,Butter
ORD0521,Jam
ORD0522,Chips
ORD0522,Chocolate
ORD0522,Juice
ORD0522,Rice
ORD0523,Tea
ORD0523,Biscuits
ORD0523,Sugar
ORD0524,Coffee
ORD0524,Biscuits
ORD0524,Sugar
ORD0524,Flour
ORD0524,Jam
ORD0525,Rice
ORD0525,Cooking Oil
ORD0525,Flour
ORD0526,Tea
ORD0526,Biscuits
ORD0526,Sugar
ORD0526,Chips
ORD0526,Cheese
ORD0527,Tea
ORD0527,Biscuits
ORD0527,Sugar
ORD0527,Chips
ORD0528,Milk
ORD0528,Bread
ORD0528,Eggs
ORD0529,Chocolate
ORD0529,Juice
ORD0529,Bread
ORD0529,Flour
ORD0529,Cheese
ORD0530,Cereal
ORD0530,Milk
ORD0530,Sugar
ORD0531,Rice
ORD0531,Chocolate
ORD0532,Coffee
ORD0532,Soap
ORD0532,Cooking Oil
ORD0532,Milk
ORD0533,Bread
ORD0533,Butter
ORD0533,Jam
ORD0534,Milk
ORD0534,Bread
ORD0534,Eggs
ORD0534,Juice
ORD0535,Chips
ORD0535,Chocolate
ORD0535,Juice
ORD0535,Flour
ORD0535,Cereal
ORD0536,Chips
ORD0536,Chocolate
ORD0536,Juice
ORD0536,Eggs
ORD0536,Coffee
ORD0537,Coffee
ORD0537,Biscuits
ORD0537,Sugar
ORD0537,Soap
ORD0538,Rice
ORD0538,Cooking Oil
ORD0538,Flour
ORD0538,Butter
ORD0538,Juice
ORD0539,Biscuits
ORD0539,Coffee
ORD0539,Chips
ORD0540,Soap
ORD0540,Shampoo
ORD0540,Toothpaste
ORD0540,Rice
ORD0540,Cheese
ORD0541,Chips
ORD0541,Chocolate
ORD0541,Flour
ORD0542,Rice
ORD0542,Cooking Oil
ORD0542,Flour
ORD0542,Juice
ORD0543,Chips
ORD0543,Chocolate
ORD0543,Juice
ORD0544,Cheese
ORD0544,Coffee
ORD0544,Jam
ORD0544,Tea
ORD0545,Cereal
ORD0545,Milk
ORD0545,Sugar
ORD0545,Chocolate
ORD0545,Jam
ORD0546,Cereal
ORD0546,Coffee
ORD0546,Cooking Oil
ORD0547,Milk
ORD0547,Bread
ORD0547,Butter
ORD0547,Chips
ORD0547,Coffee
ORD0548,Milk
ORD0548,Bread
ORD0548,Butter
ORD0549,Toothpaste
ORD0549,Flour
ORD0549,Jam
ORD0549,Bread
ORD0549,Butter
ORD0550,Milk
ORD0550,Bread
ORD0550,Butter
ORD0550,Cooking Oil
ORD0550,Cheese
ORD0551,Cheese
ORD0551,Bread
ORD0551,Butter
ORD0552,Milk
ORD0552,Bread
ORD0552,Butter
ORD0553,Bread
ORD0553,Butter
ORD0553,Jam
ORD0554,Coffee
ORD0554,Biscuits
ORD0554,Sugar
ORD0555,Chips
ORD0555,Chocolate
ORD0555,Juice
ORD0556,Soap
ORD0556,Shampoo
ORD0556,Toothpaste
ORD0557,Milk
ORD0557,Bread
ORD0557,Butter
ORD0557,Shampoo
ORD0557,Rice
ORD0558,Tea
ORD0558,Biscuits
ORD0558,Sugar
ORD0558,Jam
ORD0559,Coffee
ORD0559,Biscuits
ORD0559,Sugar
ORD0560,Eggs
ORD0560,Chips
ORD0561,Rice
ORD0561,Cooking Oil
ORD0561,Flour
ORD0561,Chocolate
ORD0562,Bread
ORD0562,Butter
ORD0562,Jam
ORD0563,Milk
ORD0563,Bread
ORD0563,Butter
ORD0563,Juice
ORD0563,Flour
ORD0564,Chips
ORD0564,Chocolate
ORD0564,Juice
ORD0565,Tea
ORD0565,Biscuits
ORD0565,Sugar
ORD0565,Juice
ORD0566,Chips
ORD0566,Chocolate
ORD0566,Juice
ORD0566,Sugar
ORD0566,Eggs
ORD0567,Coffee
ORD0567,Chips
ORD0568,Milk
ORD0568,Bread
ORD0568,Eggs
ORD0569,Butter
ORD0569,Cooking Oil
ORD0570,Eggs
ORD0570,Toothpaste
ORD0571,Chips
ORD0571,Chocolate
ORD0571,Juice
ORD0572,Toothpaste
ORD0572,Rice
ORD0572,Chocolate
ORD0572,Cheese
ORD0573,Chips
ORD0573,Chocolate
ORD0573,Juice
ORD0574,Milk
ORD0574,Bread
ORD0574,Eggs
ORD0574,Cheese
ORD0574,Sugar
ORD0575,Chips
ORD0575,Chocolate
ORD0575,Juice
ORD0576,Eggs
ORD0576,Cooking Oil
ORD0577,Chips
ORD0577,Chocolate
ORD0577,Juice
ORD0577,Bread
ORD0578,Milk
ORD0578,Bread
ORD0578,Eggs
ORD0579,Butter
ORD0579,Juice
ORD0579,Cereal
ORD0580,Butter
ORD0580,Shampoo
ORD0580,Bread
ORD0580,Cereal
ORD0581,Bread
ORD0581,Butter
ORD0581,Jam
ORD0582,Cereal
ORD0582,Milk
ORD0582,Sugar
ORD0582,Shampoo
ORD0582,Soap
ORD0583,Coffee
ORD0583,Biscuits
ORD0583,Sugar
ORD0583,Chocolate
ORD0583,Jam
ORD0584,Coffee
ORD0584,Biscuits
ORD0584,Sugar
ORD0584,Milk
ORD0584,Shampoo
ORD0585,Bread
ORD0585,Butter
ORD0585,Jam
ORD0585,Flour
ORD0586,Jam
ORD0586,Cooking Oil
ORD0587,Cooking Oil
ORD0587,Tea
ORD0587,Biscuits
ORD0587,Butter
ORD0587,Cheese
ORD0588,Eggs
ORD0588,Rice
ORD0588,Biscuits
ORD0588,Flour
ORD0589,Cheese
ORD0589,Bread
ORD0589,Butter
ORD0589,Eggs
ORD0590,Milk
ORD0590,Bread
ORD0590,Butter
ORD0590,Biscuits
ORD0591,Cheese
ORD0591,Bread
ORD0591,Butter
ORD0592,Tea
ORD0592,Biscuits
ORD0592,Sugar
ORD0592,Cooking Oil
ORD0592,Eggs
ORD0593,Juice
ORD0593,Rice
ORD0594,Cereal
ORD0594,Milk
ORD0594,Sugar
ORD0594,Toothpaste
ORD0594,Chocolate
ORD0595,Soap
ORD0595,Shampoo
ORD0595,Toothpaste
ORD0596,Soap
ORD0596,Shampoo
ORD0596,Toothpaste
ORD0596,Sugar
ORD0597,Rice
ORD0597,Cooking Oil
ORD0597,Flour
ORD0597,Jam
ORD0598,Rice
ORD0598,Cooking Oil
ORD0598,Flour
ORD0598,Bread
ORD0598,Cereal
ORD0599,Chips
ORD0599,Chocolate
ORD0599,Juice
ORD0599,Eggs
ORD0599,Cooking Oil
ORD0600,Coffee
ORD0600,Biscuits
ORD0600,Sugar
ORD0600,Flour
ORD0601,Coffee
ORD0601,Biscuits
ORD0601,Sugar
ORD0602,Cheese
ORD0602,Bread
ORD0602,Butter
ORD0602,Biscuits
ORD0602,Milk
ORD0603,Cereal
ORD0603,Milk
ORD0603,Sugar
ORD0603,Chocolate
ORD0603,Bread
ORD0604,Soap
ORD0604,Shampoo
ORD0604,Toothpaste
ORD0605,Rice
ORD0605,Cooking Oil
ORD0605,Flour
ORD0606,Chips
ORD0606,Chocolate
ORD0606,Juice
ORD0606,Coffee
ORD0607,Coffee
ORD0607,Biscuits
ORD0607,Sugar
ORD0608,Coffee
ORD0608,Biscuits
ORD0608,Sugar
ORD0608,Cooking Oil
ORD0609,Tea
ORD0609,Biscuits
ORD0609,Sugar
ORD0609,Flour
ORD0610,Tea
ORD0610,Biscuits
ORD0610,Sugar
ORD0610,Bread
ORD0610,Cooking Oil
ORD0611,Coffee
ORD0611,Biscuits
ORD0611,Sugar
ORD0612,Milk
ORD0612,Bread
ORD0612,Eggs
ORD0612,Biscuits
ORD0612,Coffee
ORD0613,Chips
ORD0613,Chocolate
ORD0613,Juice
ORD0613,Soap
ORD0614,Cereal
ORD0614,Milk
ORD0614,Sugar
ORD0615,Coffee
ORD0615,Biscuits
ORD0615,Sugar
ORD0615,Cheese
ORD0616,Biscuits
ORD0616,Coffee
ORD0616,Cheese
ORD0616,Chips
ORD0617,Coffee
ORD0617,Biscuits
ORD0617,Sugar
ORD0617,Cereal
ORD0618,Cereal
ORD0618,Milk
ORD0618,Sugar
ORD0618,Biscuits
ORD0618,Bread
ORD0619,Tea
ORD0619,Biscuits
ORD0619,Sugar
ORD0619,Chocolate
ORD0619,Eggs
ORD0620,Flour
ORD0620,Bread
ORD0620,Eggs
ORD0621,Milk
ORD0621,Bread
ORD0621,Butter
ORD0621,Tea
ORD0621,Coffee
ORD0622,Cereal
ORD0622,Eggs
ORD0623,Cereal
ORD0623,Milk
ORD0623,Sugar
ORD0624,Cheese
ORD0624,Bread
ORD0624,Butter
ORD0624,Toothpaste
ORD0624,Milk
ORD0625,Rice
ORD0625,Cooking Oil
ORD0625,Flour
ORD0625,Soap
ORD0626,Shampoo
ORD0626,Sugar
ORD0626,Flour
ORD0626,Chips
ORD0626,Bread
ORD0627,Cheese
ORD0627,Bread
ORD0627,Butter
ORD0627,Coffee
ORD0627,Soap
ORD0628,Milk
ORD0628,Bread
ORD0628,Butter
ORD0629,Tea
ORD0629,Biscuits
ORD0629,Sugar
ORD0629,Chocolate
ORD0630,Rice
ORD0630,Cooking Oil
ORD0630,Flour
ORD0630,Chocolate
ORD0630,Cereal
ORD0631,Sugar
ORD0631,Chips
ORD0631,Milk
ORD0631,Bread
ORD0632,Coffee
ORD0632,Biscuits
ORD0632,Sugar
ORD0632,Rice
ORD0632,Chips
ORD0633,Coffee
ORD0633,Biscuits
ORD0633,Sugar
ORD0634,Rice
ORD0634,Cooking Oil
ORD0634,Flour
ORD0635,Bread
ORD0635,Butter
ORD0635,Jam
ORD0635,Coffee
ORD0636,Rice
ORD0636,Cooking Oil
ORD0636,Flour
ORD0637,Cereal
ORD0637,Milk
ORD0637,Sugar
ORD0637,Soap
ORD0637,Bread
ORD0638,Bread
ORD0638,Butter
ORD0638,Jam
ORD0638,Toothpaste
ORD0638,Milk
ORD0639,Cheese
ORD0639,Bread
ORD0639,Butter
ORD0639,Eggs
ORD0639,Cereal
ORD0640,Tea
ORD0640,Biscuits
ORD0640,Sugar
ORD0641,Eggs
ORD0641,Flour
ORD0641,Sugar
ORD0641,Bread
ORD0642,Coffee
ORD0642,Biscuits
ORD0642,Sugar
ORD0643,Cooking Oil
ORD0643,Coffee
ORD0644,Milk
ORD0644,Bread
ORD0644,Butter
ORD0644,Chips
ORD0644,Toothpaste
ORD0645,Milk
ORD0645,Bread
ORD0645,Eggs
ORD0645,Rice
ORD0645,Butter
ORD0646,Rice
ORD0646,Cooking Oil
ORD0646,Flour
ORD0646,Bread
ORD0646,Shampoo
ORD0647,Cheese
ORD0647,Bread
ORD0647,Butter
ORD0647,Soap
ORD0647,Toothpaste
ORD0648,Coffee
ORD0648,Biscuits
ORD0648,Sugar
ORD0648,Bread
ORD0648,Flour
ORD0649,Cereal
ORD0649,Milk
ORD0649,Sugar
ORD0649,Bread
ORD0649,Chips
ORD0650,Tea
ORD0650,Biscuits
ORD0650,Sugar
ORD0650,Soap
ORD0651,Sugar
ORD0651,Bread
ORD0652,Cheese
ORD0652,Bread
ORD0652,Butter
ORD0652,Coffee
ORD0652,Chocolate
ORD0653,Cereal
ORD0653,Milk
ORD0653,Sugar
ORD0653,Toothpaste
ORD0654,Eggs
ORD0654,Cheese
ORD0654,Soap
ORD0654,Cereal
ORD0655,Chips
ORD0655,Chocolate
ORD0655,Juice
ORD0656,Coffee
ORD0656,Biscuits
ORD0656,Sugar
ORD0656,Rice
ORD0656,Milk
ORD0657,Soap
ORD0657,Shampoo
ORD0657,Toothpaste
ORD0657,Cheese
ORD0658,Soap
ORD0658,Shampoo
ORD0658,Toothpaste
ORD0659,Soap
ORD0659,Cooking Oil
ORD0659,Cheese
ORD0660,Rice
ORD0660,Cooking Oil
ORD0660,Flour
ORD0660,Coffee
ORD0661,Coffee
ORD0661,Tea
ORD0662,Eggs
ORD0662,Sugar
ORD0662,Cooking Oil
ORD0662,Milk
ORD0662,Toothpaste
ORD0663,Coffee
ORD0663,Biscuits
ORD0663,Sugar
ORD0663,Cereal
ORD0663,Jam
ORD0664,Rice
ORD0664,Cooking Oil
ORD0664,Flour
ORD0664,Butter
ORD0664,Soap
ORD0665,Tea
ORD0665,Biscuits
ORD0665,Sugar
ORD0665,Rice
ORD0665,Flour
ORD0666,Toothpaste
ORD0666,Rice
ORD0666,Jam
ORD0667,Milk
ORD0667,Bread
ORD0667,Butter
ORD0667,Flour
ORD0668,Soap
ORD0668,Shampoo
ORD0668,Toothpaste
ORD0668,Cooking Oil
ORD0668,Coffee
ORD0669,Rice
ORD0669,Cooking Oil
ORD0669,Flour
ORD0670,Chips
ORD0670,Chocolate
ORD0670,Juice
ORD0670,Cereal
ORD0671,Juice
ORD0671,Milk
ORD0672,Milk
ORD0672,Bread
ORD0672,Eggs
ORD0673,Coffee
ORD0673,Biscuits
ORD0673,Sugar
ORD0673,Chips
ORD0674,Butter
ORD0674,Milk
ORD0674,Cheese
ORD0674,Chocolate
ORD0675,Milk
ORD0675,Bread
ORD0675,Butter
ORD0676,Coffee
ORD0676,Biscuits
ORD0676,Sugar
ORD0676,Juice
ORD0676,Cheese
ORD0677,Soap
ORD0677,Shampoo
ORD0677,Toothpaste
ORD0678,Milk
ORD0678,Bread
ORD0678,Eggs
ORD0678,Jam
ORD0679,Milk
ORD0679,Bread
ORD0679,Butter
ORD0680,Cheese
ORD0680,Bread
ORD0680,Butter
ORD0680,Jam
ORD0680,Soap
ORD0681,Tea
ORD0681,Biscuits
ORD0681,Sugar
ORD0682,Tea
ORD0682,Biscuits
ORD0682,Sugar
ORD0682,Cereal
ORD0682,Eggs
ORD0683,Soap
ORD0683,Shampoo
ORD0683,Toothpaste
ORD0683,Milk
ORD0684,Chips
ORD0684,Chocolate
ORD0684,Juice
ORD0685,Tea
ORD0685,Biscuits
ORD0685,Sugar
ORD0685,Butter
ORD0686,Soap
ORD0686,Shampoo
ORD0686,Toothpaste
ORD0686,Cooking Oil
ORD0686,Jam
ORD0687,Tea
ORD0687,Biscuits
ORD0687,Sugar
ORD0687,Cooking Oil
ORD0687,Rice
ORD0688,Chocolate
ORD0688,Milk
ORD0688,Toothpaste
ORD0688,Butter
ORD0688,Juice
ORD0689,Rice
ORD0689,Cooking Oil
ORD0689,Flour
ORD0689,Juice
ORD0690,Butter
ORD0690,Cereal
ORD0690,Cheese
ORD0690,Jam
ORD0690,Chips
ORD0691,Coffee
ORD0691,Biscuits
ORD0691,Sugar
ORD0691,Flour
ORD0692,Rice
ORD0692,Cooking Oil
ORD0692,Flour
ORD0692,Butter
ORD0692,Toothpaste
ORD0693,Cheese
ORD0693,Bread
ORD0693,Butter
ORD0693,Soap
ORD0693,Toothpaste
ORD0694,Cereal
ORD0694,Milk
ORD0694,Sugar
ORD0695,Bread
ORD0695,Butter
ORD0695,Jam
ORD0696,Cheese
ORD0696,Bread
ORD0696,Shampoo
ORD0696,Toothpaste
ORD0697,Rice
ORD0697,Cooking Oil
ORD0697,Flour
ORD0697,Soap
ORD0697,Eggs
ORD0698,Shampoo
ORD0698,Tea
ORD0698,Cheese
ORD0698,Soap
ORD0698,Chocolate
ORD0699,Cereal
ORD0699,Milk
ORD0699,Sugar
ORD0699,Shampoo
ORD0699,Chocolate
ORD0700,Tea
ORD0700,Biscuits
ORD0700,Sugar
ORD0701,Bread
ORD0701,Butter
ORD0701,Jam
ORD0701,Juice
ORD0702,Cereal
ORD0702,Milk
ORD0702,Sugar
ORD0703,Milk
ORD0703,Bread
ORD0703,Eggs
ORD0704,Cheese
ORD0704,Bread
ORD0704,Butter
ORD0704,Juice
ORD0705,Biscuits
ORD0705,Chips
ORD0706,Tea
ORD0706,Biscuits
ORD0706,Sugar
ORD0707,Bread
ORD0707,Butter
ORD0707,Jam
ORD0707,Chips
ORD0707,Biscuits
ORD0708,Chips
ORD0708,Chocolate
ORD0708,Juice
ORD0708,Milk
ORD0709,Cereal
ORD0709,Flour
ORD0710,Chips
ORD0710,Chocolate
ORD0710,Juice
ORD0710,Flour
ORD0710,Cooking Oil
ORD0711,Cheese
ORD0711,Bread
ORD0711,Butter
ORD0712,Bread
ORD0712,Butter
ORD0712,Jam
ORD0712,Coffee
ORD0713,Cooking Oil
ORD0713,Juice
ORD0714,Coffee
ORD0714,Biscuits
ORD0714,Sugar
ORD0715,Tea
ORD0715,Biscuits
ORD0715,Sugar
ORD0715,Butter
ORD0715,Coffee
ORD0716,Cereal
ORD0716,Eggs
ORD0716,Sugar
ORD0716,Rice
ORD0716,Bread
ORD0717,Cheese
ORD0717,Bread
ORD0717,Butter
ORD0718,Tea
ORD0718,Biscuits
ORD0718,Sugar
ORD0719,Soap
ORD0719,Shampoo
ORD0719,Toothpaste
ORD0719,Tea
ORD0720,Coffee
ORD0720,Biscuits
ORD0720,Sugar
ORD0720,Chips
ORD0721,Bread
ORD0721,Butter
ORD0721,Jam
ORD0721,Chocolate
ORD0721,Shampoo
ORD0722,Soap
ORD0722,Shampoo
ORD0722,Toothpaste
ORD0722,Chips
ORD0722,Tea
ORD0723,Cheese
ORD0723,Bread
ORD0723,Butter
ORD0724,Cooking Oil
ORD0724,Eggs
ORD0724,Jam
ORD0724,Tea
ORD0725,Shampoo
ORD0725,Juice
ORD0725,Flour
ORD0726,Toothpaste
ORD0726,Cereal
ORD0727,Biscuits
ORD0727,Bread
ORD0728,Milk
ORD0728,Bread
ORD0728,Eggs
ORD0728,Chocolate
ORD0728,Soap
ORD0729,Rice
ORD0729,Cooking Oil
ORD0729,Flour
ORD0729,Sugar
ORD0730,Cheese
ORD0730,Bread
ORD0730,Butter
ORD0731,Milk
ORD0731,Bread
ORD0731,Butter
ORD0731,Juice
ORD0732,Milk
ORD0732,Bread
ORD0732,Butter
ORD0733,Tea
ORD0733,Biscuits
ORD0733,Sugar
ORD0733,Bread
ORD0734,Rice
ORD0734,Cooking Oil
ORD0734,Flour
ORD0734,Butter
ORD0735,Soap
ORD0735,Shampoo
ORD0735,Toothpaste
ORD0736,Coffee
ORD0736,Biscuits
ORD0736,Sugar
ORD0736,Chips
ORD0736,Eggs
ORD0737,Chips
ORD0737,Chocolate
ORD0737,Juice
ORD0738,Biscuits
ORD0738,Coffee
ORD0738,Eggs
ORD0738,Soap
ORD0739,Cooking Oil
ORD0739,Flour
ORD0739,Sugar
ORD0739,Milk
ORD0739,Eggs
ORD0740,Chips
ORD0740,Chocolate
ORD0740,Juice
ORD0740,Butter
ORD0741,Chips
ORD0741,Chocolate
ORD0741,Juice
ORD0741,Rice
ORD0742,Cheese
ORD0742,Bread
ORD0742,Butter
ORD0742,Biscuits
ORD0742,Chips
ORD0743,Bread
ORD0743,Butter
ORD0743,Jam
ORD0743,Rice
ORD0744,Soap
ORD0744,Shampoo
ORD0744,Toothpaste
ORD0745,Milk
ORD0745,Bread
ORD0745,Butter
ORD0746,Soap
ORD0746,Shampoo
ORD0746,Toothpaste
ORD0746,Bread
ORD0747,Cheese
ORD0747,Bread
ORD0747,Butter
ORD0747,Biscuits
ORD0748,Tea
ORD0748,Biscuits
ORD0748,Sugar
ORD0748,Butter
ORD0748,Coffee
ORD0749,Bread
ORD0749,Milk
ORD0750,Cereal
ORD0750,Milk
ORD0750,Sugar
ORD0750,Cheese
ORD0750,Juice
ORD0751,Milk
ORD0751,Bread
ORD0751,Eggs
ORD0751,Rice
ORD0751,Jam
ORD0752,Milk
ORD0752,Bread
ORD0752,Butter
ORD0753,Cereal
ORD0753,Milk
ORD0753,Sugar
ORD0753,Chips
ORD0753,Jam
ORD0754,Milk
ORD0754,Bread
ORD0754,Eggs
ORD0754,Jam
ORD0754,Rice
ORD0755,Soap
ORD0755,Shampoo
ORD0755,Toothpaste
ORD0755,Cereal
ORD0755,Cheese
ORD0756,Rice
ORD0756,Cooking Oil
ORD0756,Flour
ORD0757,Chips
ORD0757,Chocolate
ORD0757,Juice
ORD0757,Cheese
ORD0758,Cereal
ORD0758,Milk
ORD0758,Sugar
ORD0758,Cheese
ORD0759,Rice
ORD0759,Cooking Oil
ORD0759,Flour
ORD0760,Cereal
ORD0760,Milk
ORD0760,Sugar
ORD0760,Butter
ORD0760,Tea
ORD0761,Coffee
ORD0761,Biscuits
ORD0761,Sugar
ORD0761,Cereal
ORD0762,Rice
ORD0762,Cooking Oil
ORD0762,Flour
ORD0763,Soap
ORD0763,Shampoo
ORD0763,Toothpaste
ORD0763,Cheese
ORD0763,Tea
ORD0764,Soap
ORD0764,Shampoo
ORD0764,Toothpaste
ORD0765,Rice
ORD0765,Cooking Oil
ORD0765,Flour
ORD0765,Soap
ORD0765,Biscuits
ORD0766,Cereal
ORD0766,Milk
ORD0766,Sugar
ORD0766,Coffee
ORD0766,Eggs
ORD0767,Coffee
ORD0767,Biscuits
ORD0767,Sugar
ORD0768,Cooking Oil
ORD0768,Bread
ORD0768,Juice
ORD0768,Sugar
ORD0769,Cereal
ORD0769,Tea
ORD0769,Sugar
ORD0770,Tea
ORD0770,Biscuits
ORD0770,Sugar
ORD0770,Shampoo
ORD0770,Toothpaste
ORD0771,Juice
ORD0771,Soap
ORD0771,Sugar
ORD0771,Tea
ORD0772,Bread
ORD0772,Butter
ORD0772,Jam
ORD0772,Chocolate
ORD0772,Biscuits
ORD0773,Jam
ORD0773,Flour
ORD0773,Eggs
ORD0774,Milk
ORD0774,Bread
ORD0774,Butter
ORD0775,Coffee
ORD0775,Biscuits
ORD0775,Sugar
ORD0775,Chocolate
ORD0775,Butter
ORD0776,Sugar
ORD0776,Biscuits
ORD0776,Chocolate
ORD0777,Cheese
ORD0777,Bread
ORD0777,Butter
ORD0777,Jam
ORD0777,Coffee
ORD0778,Milk
ORD0778,Bread
ORD0778,Butter
ORD0778,Cooking Oil
ORD0779,Tea
ORD0779,Biscuits
ORD0779,Sugar
ORD0779,Flour
ORD0779,Chocolate
ORD0780,Tea
ORD0780,Juice
ORD0780,Coffee
ORD0780,Butter
ORD0780,Soap
ORD0781,Butter
ORD0781,Biscuits
ORD0781,Rice
ORD0782,Bread
ORD0782,Butter
ORD0782,Jam
ORD0782,Cheese
ORD0782,Soap
ORD0783,Shampoo
ORD0783,Flour
ORD0783,Chips
ORD0784,Cereal
ORD0784,Milk
ORD0784,Sugar
ORD0784,Juice
ORD0784,Butter
ORD0785,Bread
ORD0785,Butter
ORD0785,Jam
ORD0785,Biscuits
ORD0785,Shampoo
ORD0786,Tea
ORD0786,Biscuits
ORD0786,Sugar
ORD0787,Cereal
ORD0787,Milk
ORD0787,Sugar
ORD0788,Cereal
ORD0788,Cheese
ORD0788,Flour
ORD0788,Jam
ORD0788,Rice
ORD0789,Rice
ORD0789,Cooking Oil
ORD0789,Flour
ORD0790,Rice
ORD0790,Cooking Oil
ORD0790,Flour
ORD0790,Cheese
ORD0790,Sugar
ORD0791,Biscuits
ORD0791,Cereal
ORD0792,Soap
ORD0792,Shampoo
ORD0792,Toothpaste
ORD0792,Flour
ORD0792,Tea
ORD0793,Bread
ORD0793,Butter
ORD0793,Jam
ORD0794,Milk
ORD0794,Bread
ORD0794,Butter
ORD0795,Sugar
ORD0795,Butter
ORD0795,Bread
ORD0795,Chips
ORD0795,Cereal
ORD0796,Rice
ORD0796,Cooking Oil
ORD0796,Flour
ORD0796,Cereal
ORD0796,Tea
ORD0797,Sugar
ORD0797,Tea
ORD0798,Soap
ORD0798,Shampoo
ORD0798,Toothpaste
ORD0798,Biscuits
ORD0798,Cheese
ORD0799,Cereal
ORD0799,Milk
ORD0799,Sugar
ORD0799,Biscuits
ORD0799,Coffee
ORD0800,Cooking Oil
ORD0800,Butter
ORD0800,Rice
ORD0800,Sugar
ORD0800,Juice
ORD0801,Milk
ORD0801,Soap
ORD0801,Chocolate
ORD0801,Bread
ORD0801,Chips
ORD0802,Cheese
ORD0802,Bread
ORD0802,Butter
ORD0802,Shampoo
ORD0803,Coffee
ORD0803,Biscuits
ORD0803,Sugar
ORD0804,Milk
ORD0804,Bread
ORD0804,Eggs
ORD0804,Shampoo
ORD0805,Milk
ORD0805,Bread
ORD0805,Butter
ORD0806,Chips
ORD0806,Chocolate
ORD0806,Juice
ORD0806,Tea
ORD0806,Cooking Oil
ORD0807,Cereal
ORD0807,Milk
ORD0807,Sugar
ORD0807,Flour
ORD0808,Chips
ORD0808,Chocolate
ORD0808,Juice
ORD0809,Chocolate
ORD0809,Cereal
ORD0809,Cooking Oil
ORD0810,Milk
ORD0810,Bread
ORD0810,Butter
ORD0810,Chocolate
ORD0811,Cheese
ORD0811,Bread
ORD0811,Butter
ORD0812,Sugar
ORD0812,Bread
ORD0812,Coffee
ORD0812,Tea
ORD0812,Flour
ORD0813,Chips
ORD0813,Chocolate
ORD0813,Juice
ORD0813,Tea
ORD0814,Tea
ORD0814,Biscuits
ORD0814,Sugar
ORD0815,Rice
ORD0815,Cooking Oil
ORD0815,Flour
ORD0816,Coffee
ORD0816,Biscuits
ORD0816,Sugar
ORD0816,Juice
ORD0816,Butter
ORD0817,Tea
ORD0817,Biscuits
ORD0817,Sugar
ORD0817,Toothpaste
ORD0818,Tea
ORD0818,Biscuits
ORD0818,Sugar
ORD0818,Coffee
ORD0819,Rice
ORD0819,Cooking Oil
ORD0819,Flour
ORD0820,Chips
ORD0820,Rice
ORD0820,Jam
ORD0820,Cooking Oil
ORD0821,Cooking Oil
ORD0821,Sugar
ORD0821,Juice
ORD0822,Milk
ORD0822,Bread
ORD0822,Butter
ORD0822,Jam
ORD0823,Cheese
ORD0823,Shampoo
ORD0823,Milk
ORD0823,Tea
ORD0824,Cheese
ORD0824,Bread
ORD0824,Butter
ORD0825,Chips
ORD0825,Chocolate
ORD0825,Juice
ORD0825,Shampoo
ORD0826,Milk
ORD0826,Bread
ORD0826,Eggs
ORD0826,Coffee
ORD0826,Jam
ORD0827,Juice
ORD0827,Jam
ORD0828,Soap
ORD0828,Shampoo
ORD0828,Toothpaste
ORD0828,Flour
ORD0829,Cheese
ORD0829,Bread
ORD0829,Butter
ORD0829,Milk
ORD0830,Cheese
ORD0830,Bread
ORD0830,Butter
ORD0830,Toothpaste
ORD0831,Chips
ORD0831,Chocolate
ORD0831,Juice
ORD0832,Rice
ORD0832,Flour
ORD0832,Cereal
ORD0832,Soap
ORD0832,Sugar
ORD0833,Cheese
ORD0833,Bread
ORD0833,Butter
ORD0833,Sugar
ORD0833,Shampoo
ORD0834,Cheese
ORD0834,Bread
ORD0834,Butter
ORD0835,Biscuits
ORD0835,Cereal
ORD0835,Chips
ORD0835,Jam
ORD0836,Chips
ORD0836,Chocolate
ORD0836,Juice
ORD0837,Milk
ORD0837,Bread
ORD0837,Eggs
ORD0838,Bread
ORD0838,Butter
ORD0838,Jam
ORD0838,Toothpaste
ORD0839,Chips
ORD0839,Chocolate
ORD0839,Juice
ORD0840,Bread
ORD0840,Butter
ORD0840,Jam
ORD0840,Eggs
ORD0841,Cheese
ORD0841,Bread
ORD0841,Butter
ORD0841,Eggs
ORD0842,Tea
ORD0842,Biscuits
ORD0842,Sugar
ORD0842,Toothpaste
ORD0842,Jam
ORD0843,Cooking Oil
ORD0843,Chips
ORD0843,Toothpaste
ORD0843,Milk
ORD0843,Soap
ORD0844,Soap
ORD0844,Shampoo
ORD0844,Toothpaste
ORD0845,Shampoo
ORD0845,Bread
ORD0846,Milk
ORD0846,Bread
ORD0846,Butter
ORD0846,Cheese
ORD0846,Rice
ORD0847,Cereal
ORD0847,Milk
ORD0847,Sugar
ORD0847,Butter
ORD0847,Jam
ORD0848,Milk
ORD0848,Bread
ORD0848,Eggs
ORD0849,Soap
ORD0849,Shampoo
ORD0849,Toothpaste
ORD0850,Cheese
ORD0850,Bread
ORD0850,Butter
ORD0850,Tea
ORD0850,Cooking Oil
ORD0851,Bread
ORD0851,Butter
ORD0851,Jam
ORD0851,Eggs
ORD0851,Coffee
ORD0852,Toothpaste
ORD0852,Sugar
ORD0853,Soap
ORD0853,Shampoo
ORD0853,Toothpaste
ORD0853,Rice
ORD0853,Milk
ORD0854,Bread
ORD0854,Butter
ORD0854,Jam
ORD0854,Cereal
ORD0855,Cereal
ORD0855,Milk
ORD0855,Sugar
ORD0855,Juice
ORD0856,Coffee
ORD0856,Biscuits
ORD0856,Sugar
ORD0856,Eggs
ORD0856,Shampoo
ORD0857,Bread
ORD0857,Butter
ORD0857,Jam
ORD0858,Rice
ORD0858,Cooking Oil
ORD0858,Flour
ORD0858,Biscuits
ORD0858,Tea
ORD0859,Tea
ORD0859,Flour
ORD0859,Chips
ORD0859,Juice
ORD0860,Shampoo
ORD0860,Cheese
ORD0860,Jam
ORD0861,Coffee
ORD0861,Biscuits
ORD0861,Sugar
ORD0862,Chocolate
ORD0862,Butter
ORD0862,Flour
ORD0862,Cooking Oil
ORD0863,Biscuits
ORD0863,Soap
ORD0864,Coffee
ORD0864,Biscuits
ORD0864,Sugar
ORD0864,Soap
ORD0864,Butter
ORD0865,Milk
ORD0865,Bread
ORD0865,Eggs
ORD0865,Tea
ORD0866,Milk
ORD0866,Bread
ORD0866,Eggs
ORD0867,Soap
ORD0867,Shampoo
ORD0867,Toothpaste
ORD0868,Cheese
ORD0868,Bread
ORD0868,Butter
ORD0869,Coffee
ORD0869,Biscuits
ORD0869,Sugar
ORD0870,Flour
ORD0870,Chips
ORD0870,Biscuits
ORD0871,Soap
ORD0871,Shampoo
ORD0871,Toothpaste
ORD0872,Milk
ORD0872,Bread
ORD0872,Eggs
ORD0873,Milk
ORD0873,Bread
ORD0873,Eggs
ORD0874,Tea
ORD0874,Biscuits
ORD0874,Sugar
ORD0874,Jam
ORD0875,Tea
ORD0875,Biscuits
ORD0875,Sugar
ORD0875,Cooking Oil
ORD0876,Cheese
ORD0876,Bread
ORD0876,Butter
ORD0876,Soap
ORD0876,Toothpaste
ORD0877,Rice
ORD0877,Cooking Oil
ORD0877,Flour
ORD0877,Sugar
ORD0877,Chocolate
ORD0878,Chocolate
ORD0878,Rice
ORD0878,Cereal
ORD0878,Shampoo
ORD0878,Chips
ORD0879,Coffee
ORD0879,Biscuits
ORD0879,Sugar
ORD0879,Juice
ORD0880,Cereal
ORD0880,Milk
ORD0880,Sugar
ORD0880,Toothpaste
ORD0881,Milk
ORD0881,Bread
ORD0881,Butter
ORD0881,Eggs
ORD0882,Eggs
ORD0882,Cheese
ORD0882,Cereal
ORD0882,Sugar
ORD0883,Cheese
ORD0883,Bread
ORD0883,Butter
ORD0883,Chips
ORD0883,Coffee
ORD0884,Cereal
ORD0884,Milk
ORD0884,Sugar
ORD0884,Flour
ORD0885,Coffee
ORD0885,Biscuits
ORD0885,Sugar
ORD0885,Cheese
ORD0886,Cheese
ORD0886,Bread
ORD0886,Butter
ORD0886,Rice
ORD0887,Tea
ORD0887,Biscuits
ORD0887,Sugar
ORD0887,Cereal
ORD0887,Jam
ORD0888,Milk
ORD0888,Bread
ORD0888,Eggs
ORD0888,Toothpaste
ORD0888,Jam
ORD0889,Coffee
ORD0889,Flour
ORD0890,Milk
ORD0890,Bread
ORD0890,Eggs
ORD0890,Coffee
ORD0890,Cheese
ORD0891,Chips
ORD0891,Chocolate
ORD0891,Juice
ORD0892,Cheese
ORD0892,Bread
ORD0892,Butter
ORD0893,Milk
ORD0893,Coffee
ORD0893,Butter
ORD0893,Cooking Oil
ORD0894,Milk
ORD0894,Eggs
ORD0894,Chips
ORD0894,Butter
ORD0895,Cheese
ORD0895,Bread
ORD0896,Eggs
ORD0896,Butter
ORD0896,Juice
ORD0896,Sugar
ORD0896,Bread
ORD0897,Juice
ORD0897,Chocolate
ORD0897,Shampoo
ORD0897,Coffee
ORD0897,Chips
ORD0898,Coffee
ORD0898,Biscuits
ORD0898,Sugar
ORD0898,Rice
ORD0898,Cooking Oil
ORD0899,Soap
ORD0899,Shampoo
ORD0899,Toothpaste
ORD0900,Milk
ORD0900,Jam
ORD0900,Coffee
ORD0900,Biscuits
ORD0901,Rice
ORD0901,Cooking Oil
ORD0901,Flour
ORD0901,Jam
ORD0901,Chocolate
ORD0902,Tea
ORD0902,Biscuits
ORD0902,Sugar
ORD0902,Bread
ORD0903,Cereal
ORD0903,Milk
ORD0903,Sugar
ORD0904,Tea
ORD0904,Biscuits
ORD0904,Sugar
ORD0905,Bread
ORD0905,Butter
ORD0905,Jam
ORD0905,Sugar
ORD0905,Milk
ORD0906,Soap
ORD0906,Shampoo
ORD0906,Toothpaste
ORD0906,Chocolate
ORD0907,Coffee
ORD0907,Biscuits
ORD0907,Sugar
ORD0907,Shampoo
ORD0907,Juice
ORD0908,Juice
ORD0908,Shampoo
ORD0908,Butter
ORD0909,Milk
ORD0909,Bread
ORD0909,Eggs
ORD0909,Chocolate
ORD0909,Cooking Oil
ORD0910,Soap
ORD0910,Shampoo
ORD0910,Toothpaste
ORD0910,Biscuits
ORD0911,Tea
ORD0911,Jam
ORD0912,Bread
ORD0912,Butter
ORD0912,Jam
ORD0912,Rice
ORD0913,Cereal
ORD0913,Milk
ORD0913,Sugar
ORD0913,Tea
ORD0914,Chips
ORD0914,Chocolate
ORD0914,Juice
ORD0914,Cereal
ORD0915,Milk
ORD0915,Bread
ORD0915,Eggs
ORD0915,Cereal
ORD0916,Flour
ORD0916,Chocolate
ORD0916,Bread
ORD0917,Tea
ORD0917,Biscuits
ORD0917,Sugar
ORD0917,Cheese
ORD0917,Jam
ORD0918,Chips
ORD0918,Chocolate
ORD0918,Juice
ORD0919,Milk
ORD0919,Bread
ORD0919,Butter
ORD0920,Bread
ORD0920,Butter
ORD0920,Jam
ORD0920,Cooking Oil
ORD0921,Cheese
ORD0921,Bread
ORD0921,Butter
ORD0921,Eggs
ORD0921,Juice
ORD0922,Toothpaste
ORD0922,Chips
ORD0923,Tea
ORD0923,Biscuits
ORD0923,Sugar
ORD0924,Cheese
ORD0924,Bread
ORD0924,Butter
ORD0925,Chips
ORD0925,Chocolate
ORD0925,Juice
ORD0925,Soap
ORD0925,Butter
ORD0926,Sugar
ORD0926,Bread
ORD0926,Shampoo
ORD0926,Cooking Oil
ORD0926,Eggs
ORD0927,Eggs
ORD0927,Soap
ORD0928,Rice
ORD0928,Cooking Oil
ORD0928,Flour
ORD0928,Chocolate
ORD0929,Eggs
ORD0929,Chocolate
ORD0929,Flour
ORD0930,Milk
ORD0930,Sugar
ORD0931,Tea
ORD0931,Biscuits
ORD0931,Sugar
ORD0931,Milk
ORD0931,Eggs
ORD0932,Bread
ORD0932,Butter
ORD0932,Jam
ORD0932,Toothpaste
ORD0932,Rice
ORD0933,Soap
ORD0933,Shampoo
ORD0933,Toothpaste
ORD0933,Flour
ORD0933,Coffee
ORD0934,Milk
ORD0934,Bread
ORD0934,Eggs
ORD0934,Cereal
ORD0934,Biscuits
ORD0935,Rice
ORD0935,Tea
ORD0936,Cereal
ORD0936,Milk
ORD0936,Sugar
ORD0937,Cereal
ORD0937,Milk
ORD0937,Sugar
ORD0938,Bread
ORD0938,Butter
ORD0938,Jam
ORD0938,Chocolate
ORD0938,Soap
ORD0939,Tea
ORD0939,Biscuits
ORD0939,Sugar
ORD0940,Coffee
ORD0940,Biscuits
ORD0940,Sugar
ORD0940,Flour
ORD0940,Butter
ORD0941,Jam
ORD0941,Tea
ORD0941,Butter
ORD0941,Cheese
ORD0942,Tea
ORD0942,Biscuits
ORD0942,Sugar
ORD0942,Shampoo
ORD0942,Cheese
ORD0943,Milk
ORD0943,Bread
ORD0943,Eggs
ORD0944,Milk
ORD0944,Bread
ORD0944,Eggs
ORD0944,Cooking Oil
ORD0944,Cereal
ORD0945,Biscuits
ORD0945,Eggs
ORD0945,Toothpaste
ORD0945,Milk
ORD0946,Soap
ORD0946,Shampoo
ORD0946,Toothpaste
ORD0947,Soap
ORD0947,Shampoo
ORD0947,Toothpaste
ORD0948,Rice
ORD0948,Cooking Oil
ORD0948,Flour
ORD0948,Bread
ORD0949,Biscuits
ORD0949,Soap
ORD0949,Juice
ORD0950,Milk
ORD0950,Bread
ORD0950,Butter
ORD0950,Cheese
ORD0950,Tea
ORD0951,Bread
ORD0951,Butter
ORD0951,Jam
ORD0951,Toothpaste
ORD0952,Cheese
ORD0952,Bread
ORD0952,Butter
ORD0952,Juice
ORD0953,Milk
ORD0953,Bread
ORD0953,Butter
ORD0954,Milk
ORD0954,Bread
ORD0954,Butter
ORD0955,Milk
ORD0955,Bread
ORD0955,Butter
ORD0956,Tea
ORD0956,Biscuits
ORD0956,Sugar
ORD0957,Milk
ORD0957,Bread
ORD0957,Butter
ORD0957,Soap
ORD0957,Sugar
ORD0958,Milk
ORD0958,Bread
ORD0958,Butter
ORD0959,Cheese
ORD0959,Bread
ORD0959,Butter
ORD0959,Soap
ORD0960,Rice
ORD0960,Cooking Oil
ORD0960,Flour
ORD0960,Tea
ORD0961,Eggs
ORD0961,Bread
ORD0961,Jam
ORD0962,Chips
ORD0962,Chocolate
ORD0962,Juice
ORD0963,Bread
ORD0963,Butter
ORD0963,Jam
ORD0963,Milk
ORD0963,Soap
ORD0964,Milk
ORD0964,Bread
ORD0964,Butter
ORD0964,Cheese
ORD0965,Coffee
ORD0965,Biscuits
ORD0965,Sugar
ORD0966,Soap
ORD0966,Shampoo
ORD0966,Toothpaste
ORD0967,Soap
ORD0967,Shampoo
ORD0967,Toothpaste
ORD0968,Milk
ORD0968,Bread
ORD0968,Butter
ORD0968,Cooking Oil
ORD0969,Cheese
ORD0969,Bread
ORD0969,Butter
ORD0969,Juice
ORD0970,Coffee
ORD0970,Biscuits
ORD0970,Sugar
ORD0971,Shampoo
ORD0971,Coffee
ORD0971,Tea
ORD0971,Cheese
ORD0972,Cheese
ORD0972,Eggs
ORD0972,Bread
ORD0973,Soap
ORD0973,Cereal
ORD0974,Milk
ORD0974,Bread
ORD0974,Butter
ORD0974,Biscuits
ORD0974,Cereal
ORD0975,Milk
ORD0975,Bread
ORD0975,Butter
ORD0975,Toothpaste
ORD0975,Juice
ORD0976,Chocolate
ORD0976,Butter
ORD0976,Bread
ORD0976,Rice
ORD0977,Cheese
ORD0977,Bread
ORD0977,Butter
ORD0977,Milk
ORD0977,Cooking Oil
ORD0978,Coffee
ORD0978,Biscuits
ORD0978,Sugar
ORD0979,Cooking Oil
ORD0979,Tea
ORD0980,Cereal
ORD0980,Milk
ORD0980,Sugar
ORD0981,Milk
ORD0981,Bread
ORD0981,Butter
ORD0982,Soap
ORD0982,Shampoo
ORD0982,Toothpaste
ORD0982,Cheese
ORD0983,Cereal
ORD0983,Coffee
ORD0983,Rice
ORD0984,Cheese
ORD0984,Bread
ORD0984,Butter
ORD0984,Eggs
ORD0985,Butter
ORD0985,Shampoo
ORD0985,Flour
ORD0985,Biscuits
ORD0986,Soap
ORD0986,Shampoo
ORD0986,Toothpaste
ORD0987,Cooking Oil
ORD0987,Rice
ORD0987,Cereal
ORD0988,Rice
ORD0988,Cooking Oil
ORD0988,Flour
ORD0988,Soap
ORD0988,Sugar
ORD0989,Soap
ORD0989,Shampoo
ORD0989,Toothpaste
ORD0989,Cheese
ORD0990,Chips
ORD0990,Soap
ORD0991,Bread
ORD0991,Butter
ORD0991,Jam
ORD0991,Biscuits
ORD0991,Soap
ORD0992,Soap
ORD0992,Shampoo
ORD0992,Toothpaste
ORD0992,Flour
ORD0992,Cereal
ORD0993,Milk
ORD0993,Bread
ORD0993,Eggs
ORD0994,Soap
ORD0994,Tea
ORD0995,Cereal
ORD0995,Milk
ORD0995,Sugar
ORD0995,Tea
ORD0995,Cooking Oil
ORD0996,Rice
ORD0996,Cooking Oil
ORD0996,Flour
ORD0997,Bread
ORD0997,Butter
ORD0997,Jam
ORD0997,Cooking Oil
ORD0998,Milk
ORD0998,Bread
ORD0998,Butter
ORD0998,Flour
ORD0999,Coffee
ORD0999,Biscuits
ORD0999,Sugar
ORD1000,Soap
ORD1000,Shampoo
ORD1000,Toothpaste
ORD1000,Coffee
