Customer Buys,Recommended Product,Pair Count,Support %,Confidence %,Lift
Bread,Butter,234,23.400000000000002,63.76021798365122,2.118279667230938
Sugar,Biscuits,184,18.4,58.59872611464968,2.3724180613218495
Butter,Bread,234,23.400000000000002,77.74086378737542,2.118279667230938
Milk,Eggs,84,8.4,29.268292682926827,2.0185029436501267
Biscuits,Coffee,104,10.4,42.10526315789473,2.4767801857585137
Cooking Oil,Rice,91,9.1,51.41242937853108,3.3602895018647763
Cheese,Butter,104,10.4,60.81871345029239,2.020555264129315
Coffee,Biscuits,104,10.4,61.1764705882353,2.4767801857585137
Tea,Biscuits,96,9.6,56.80473372781065,2.2997867905996214
Flour,Rice,89,8.9,53.293413173652695,3.4832296191929863
