Product A,Product B,Pair Count,Support %,Confidence A → B %,Confidence B → A %,Lift
Bread,Butter,234,23.400000000000002,63.76021798365122,77.74086378737542,2.118279667230938
Biscuits,Sugar,184,18.4,74.49392712550608,58.59872611464968,2.3724180613218495
Bread,Milk,174,17.4,47.41144414168937,60.62717770034843,1.6519666948323823
Butter,Milk,111,11.1,36.87707641196013,38.67595818815331,1.284915554423698
Sugar,Tea,105,10.5,33.43949044585987,62.1301775147929,1.978668073719519
Biscuits,Coffee,104,10.4,42.10526315789473,61.1764705882353,2.4767801857585137
Butter,Cheese,104,10.4,34.55149501661129,60.81871345029239,2.020555264129315
Bread,Cheese,104,10.4,28.337874659400548,60.81871345029239,1.6571856525965227
Coffee,Sugar,99,9.9,58.235294117647065,31.528662420382165,1.8546272011989509
Biscuits,Tea,96,9.6,38.8663967611336,56.80473372781065,2.2997867905996214
Cereal,Sugar,94,9.4,59.49367088607595,29.936305732484076,1.8947028944610174
Bread,Eggs,94,9.4,25.61307901907357,64.82758620689654,1.766419242694729
Bread,Jam,94,9.4,25.61307901907357,61.43790849673203,1.6740574522270306
Milk,Sugar,93,9.3,32.40418118466899,29.617834394904456,1.031980292505382
Cooking Oil,Rice,91,9.1,51.41242937853108,59.47712418300654,3.3602895018647763
Flour,Rice,89,8.9,53.293413173652695,58.16993464052288,3.4832296191929863
Cooking Oil,Flour,88,8.799999999999999,49.717514124293785,52.69461077844312,2.9770966541493284
Eggs,Milk,84,8.4,57.931034482758626,29.268292682926827,2.0185029436501267
Chocolate,Juice,82,8.200000000000001,54.3046357615894,54.666666666666664,3.620309050772627
Cereal,Milk,82,8.200000000000001,51.89873417721519,28.57142857142857,1.8083182640144668
Soap,Toothpaste,80,8.0,48.19277108433735,53.333333333333336,3.21285140562249
Chips,Chocolate,79,7.9,53.02013422818792,52.317880794701985,3.511267167429664
Shampoo,Soap,79,7.9,56.83453237410072,47.59036144578313,3.4237670104879947
Shampoo,Toothpaste,78,7.8,56.11510791366906,52.0,3.741007194244604
Butter,Jam,78,7.8,25.91362126245847,50.98039215686274,1.6937007361083969
Chips,Juice,77,7.7,51.67785234899329,51.33333333333333,3.4451901565995526
Bread,Sugar,40,4.0,10.899182561307901,12.738853503184714,0.3471077248824173
Butter,Sugar,38,3.8,12.624584717607974,12.101910828025478,0.4020568381403813
Cooking Oil,Sugar,36,3.5999999999999996,20.33898305084746,11.464968152866243,0.6477383137212566
Flour,Sugar,35,3.5000000000000004,20.958083832335326,11.146496815286625,0.6674548991189595
Bread,Cooking Oil,35,3.5000000000000004,9.536784741144414,19.774011299435028,0.5388013978047693
Bread,Coffee,34,3.4000000000000004,9.264305177111716,20.0,0.5449591280653951
Butter,Juice,33,3.3000000000000003,10.96345514950166,22.0,0.7308970099667775
Jam,Milk,32,3.2,20.915032679738562,11.149825783972126,0.728746783266152
Butter,Soap,32,3.2,10.631229235880399,19.27710843373494,0.6404354961373734
Butter,Cooking Oil,32,3.2,10.631229235880399,18.07909604519774,0.6006344201062372
Bread,Flour,32,3.2,8.71934604904632,19.16167664670659,0.5221165298830133
Butter,Coffee,31,3.1,10.299003322259136,18.235294117647058,0.6058237248387727
Bread,Soap,31,3.1,8.446866485013624,18.67469879518072,0.5088473786152785
Biscuits,Butter,31,3.1,12.550607287449392,10.299003322259136,0.4169636972574549
Biscuits,Soap,30,3.0,12.145748987854251,18.072289156626507,0.7316716257743524
Bread,Toothpaste,30,3.0,8.174386920980927,20.0,0.5449591280653951
Bread,Rice,30,3.0,8.174386920980927,19.607843137254903,0.5342736549660736
Biscuits,Bread,30,3.0,12.145748987854251,8.174386920980927,0.3309468389061104
Biscuits,Milk,29,2.9000000000000004,11.740890688259109,10.104529616724738,0.4090902678835927
Butter,Cereal,28,2.8000000000000003,9.30232558139535,17.72151898734177,0.5887547836326171
Bread,Chocolate,28,2.8000000000000003,7.629427792915531,18.543046357615893,0.505260118736128
Cooking Oil,Tea,27,2.7,15.254237288135593,15.976331360946746,0.9026175910139403
Biscuits,Chips,27,2.7,10.931174089068826,18.120805369127517,0.7336358449039482
Biscuits,Jam,27,2.7,10.931174089068826,17.647058823529413,0.714455822814956
Chocolate,Milk,27,2.7,17.880794701986755,9.40766550522648,0.6230242056441379
Milk,Soap,27,2.7,9.40766550522648,16.265060240963855,0.5667268376642459
Rice,Sugar,27,2.7,17.647058823529413,8.598726114649681,0.5620082427875609
Coffee,Milk,27,2.7,15.88235294117647,9.40766550522648,0.5533920885427341
Butter,Tea,27,2.7,8.970099667774086,15.976331360946746,0.530775128270656
Bread,Shampoo,27,2.7,7.3569482288828345,19.424460431654676,0.529276850998765
Bread,Cereal,27,2.7,7.3569482288828345,17.088607594936708,0.4656296347394198
Milk,Toothpaste,26,2.6,9.059233449477352,17.333333333333336,0.6039488966318235
Butter,Chocolate,26,2.6,8.637873754152823,17.218543046357617,0.5720446194803195
Eggs,Sugar,26,2.6,17.93103448275862,8.280254777070063,0.5710520535910389
Flour,Milk,26,2.6,15.568862275449103,9.059233449477352,0.5424690688309791
Cooking Oil,Milk,26,2.6,14.689265536723164,9.059233449477352,0.5118210988405284
Bread,Juice,26,2.6,7.084468664850137,17.333333333333336,0.4722979109900091
Cheese,Shampoo,25,2.5,14.619883040935672,17.985611510791365,1.0517901468299042
Butter,Toothpaste,25,2.5,8.305647840531561,16.666666666666664,0.5537098560354375
Chips,Sugar,25,2.5,16.778523489932887,7.961783439490445,0.5343478818449964
Sugar,Toothpaste,25,2.5,7.961783439490445,16.666666666666664,0.5307855626326965
Juice,Sugar,25,2.5,16.666666666666664,7.961783439490445,0.5307855626326965
Chocolate,Sugar,25,2.5,16.55629139072848,7.961783439490445,0.5272704264563209
Butter,Flour,25,2.5,8.305647840531561,14.97005988023952,0.4973441820677582
Jam,Tea,24,2.4,15.686274509803921,14.201183431952662,0.9281819236570368
Coffee,Soap,24,2.4,14.117647058823529,14.457831325301203,0.8504606661941885
Biscuits,Toothpaste,24,2.4,9.7165991902834,16.0,0.6477732793522267
Juice,Milk,24,2.4,16.0,8.362369337979095,0.5574912891986064
Butter,Rice,24,2.4,7.973421926910299,15.686274509803921,0.521138688033353
Jam,Sugar,24,2.4,15.686274509803921,7.643312101910828,0.49956288247783187
Soap,Sugar,24,2.4,14.457831325301203,7.643312101910828,0.46044048806691734
Bread,Chips,24,2.4,6.539509536784741,16.10738255033557,0.43889325750233166
Coffee,Jam,23,2.3,13.529411764705882,15.032679738562091,0.8842752787389465
Cheese,Tea,23,2.3,13.450292397660817,13.609467455621301,0.7958752898024152
Biscuits,Eggs,23,2.3,9.31174089068826,15.862068965517242,0.6421890269440179
Biscuits,Chocolate,23,2.3,9.31174089068826,15.2317880794702,0.6166715821647855
Butter,Eggs,23,2.3,7.641196013289036,15.862068965517242,0.526979035399244
Milk,Tea,23,2.3,8.013937282229964,13.609467455621301,0.4741974723212997
Cheese,Milk,23,2.3,13.450292397660817,8.013937282229964,0.4686513030543839
Cheese,Sugar,23,2.3,13.450292397660817,7.32484076433121,0.42835326107200056
Bread,Tea,23,2.3,6.267029972752043,13.609467455621301,0.3708301759024878
Eggs,Jam,22,2.1999999999999997,15.172413793103448,14.37908496732026,0.9916610322289836
Chips,Rice,22,2.1999999999999997,14.76510067114094,14.37908496732026,0.9650392595516954
Chocolate,Rice,22,2.1999999999999997,14.56953642384106,14.37908496732026,0.9522572826039908
Cereal,Tea,22,2.1999999999999997,13.924050632911392,13.017751479289942,0.8239083214740467
Soap,Tea,22,2.1999999999999997,13.253012048192772,13.017751479289942,0.7842018963427674
Cheese,Soap,22,2.1999999999999997,12.865497076023392,13.253012048192772,0.7750299443387584
Biscuits,Cereal,22,2.1999999999999997,8.906882591093117,13.924050632911392,0.5637267462717163
Milk,Shampoo,22,2.1999999999999997,7.665505226480835,15.827338129496402,0.5514751961497004
Chips,Milk,22,2.1999999999999997,14.76510067114094,7.665505226480835,0.5144634380188481
Shampoo,Sugar,22,2.1999999999999997,15.827338129496402,7.006369426751593,0.5040553544425606
Cheese,Toothpaste,21,2.1,12.280701754385964,14.000000000000002,0.8187134502923976
Cooking Oil,Eggs,21,2.1,11.864406779661017,14.482758620689657,0.8182349503214496
Cereal,Flour,21,2.1,13.291139240506327,12.574850299401197,0.7958766012279238
Cheese,Coffee,21,2.1,12.280701754385964,12.352941176470589,0.7223942208462332
Biscuits,Shampoo,21,2.1,8.502024291497975,15.107913669064748,0.6116564238487753
Biscuits,Cooking Oil,21,2.1,8.502024291497975,11.864406779661017,0.48034035545186315
Butter,Chips,21,2.1,6.976744186046512,14.093959731543624,0.46823786483533636
Chips,Soap,20,2.0,13.422818791946309,12.048192771084338,0.8086035416835127
Chips,Flour,20,2.0,13.422818791946309,11.976047904191617,0.8037616043081622
Flour,Juice,20,2.0,11.976047904191617,13.333333333333334,0.7984031936127745
Chocolate,Soap,20,2.0,13.245033112582782,12.048192771084338,0.7978935609989627
Cheese,Jam,20,2.0,11.695906432748536,13.071895424836603,0.7644383289378129
Chocolate,Cooking Oil,20,2.0,13.245033112582782,11.299435028248588,0.7483069555131516
Cooking Oil,Soap,20,2.0,11.299435028248588,12.048192771084338,0.680688857123409
Biscuits,Flour,20,2.0,8.097165991902834,11.976047904191617,0.4848602390360978
Jam,Rice,19,1.9,12.418300653594772,12.418300653594772,0.8116536374898543
Cereal,Toothpaste,19,1.9,12.025316455696203,12.666666666666668,0.8016877637130801
Chocolate,Flour,19,1.9,12.582781456953644,11.377245508982035,0.753459967482254
Chips,Coffee,19,1.9,12.751677852348994,11.176470588235295,0.7500986971969995
Cheese,Chocolate,19,1.9,11.11111111111111,12.582781456953644,0.7358351729212657
Cooking Oil,Jam,19,1.9,10.734463276836157,12.418300653594772,0.7015989069827555
Flour,Soap,19,1.9,11.377245508982035,11.44578313253012,0.6853762354808455
Flour,Tea,19,1.9,11.377245508982035,11.242603550295858,0.6732097934308896
Coffee,Flour,19,1.9,11.176470588235295,11.377245508982035,0.6692497358224726
Chips,Shampoo,18,1.7999999999999998,12.080536912751679,12.949640287769784,0.8691033750181062
Cereal,Chips,18,1.7999999999999998,11.39240506329114,12.080536912751679,0.7645909438450428
Cereal,Jam,18,1.7999999999999998,11.39240506329114,11.76470588235294,0.7446016381236038
Cheese,Eggs,18,1.7999999999999998,10.526315789473683,12.413793103448276,0.7259528130671505
Cooking Oil,Juice,18,1.7999999999999998,10.16949152542373,12.0,0.6779661016949152
Coffee,Tea,18,1.7999999999999998,10.588235294117647,10.650887573964498,0.6265227984684997
Coffee,Cooking Oil,18,1.7999999999999998,10.588235294117647,10.16949152542373,0.5982053838484546
Cheese,Cooking Oil,18,1.7999999999999998,10.526315789473683,10.16949152542373,0.5947071067499256
Biscuits,Rice,18,1.7999999999999998,7.28744939271255,11.76470588235294,0.4763038818766373
Biscuits,Cheese,18,1.7999999999999998,7.28744939271255,10.526315789473683,0.4261666311527807
Juice,Rice,17,1.7000000000000002,11.333333333333332,11.11111111111111,0.7407407407407408
Cereal,Rice,17,1.7000000000000002,10.759493670886076,11.11111111111111,0.7032348804500703
Coffee,Eggs,17,1.7000000000000002,10.0,11.724137931034482,0.6896551724137931
Chips,Tea,17,1.7000000000000002,11.409395973154362,10.059171597633137,0.6751121877606131
Cheese,Juice,17,1.7000000000000002,9.941520467836257,11.333333333333332,0.6627680311890838
Cereal,Soap,17,1.7000000000000002,10.759493670886076,10.240963855421686,0.6481622693304865
Biscuits,Juice,17,1.7000000000000002,6.882591093117409,11.333333333333332,0.4588394062078273
Butter,Shampoo,17,1.7000000000000002,5.647840531561462,12.23021582733813,0.40631946270226343
Cereal,Eggs,16,1.6,10.126582278481013,11.03448275862069,0.6983849847228285
Jam,Toothpaste,16,1.6,10.457516339869281,10.666666666666668,0.6971677559912854
Chocolate,Jam,16,1.6,10.596026490066226,10.457516339869281,0.6925507509847206
Coffee,Shampoo,16,1.6,9.411764705882353,11.510791366906476,0.6771053745239102
Flour,Toothpaste,16,1.6,9.580838323353294,10.666666666666668,0.6387225548902196
Juice,Tea,16,1.6,10.666666666666668,9.467455621301776,0.631163708086785
Rice,Soap,16,1.6,10.457516339869281,9.63855421686747,0.6299708638475471
Cheese,Rice,16,1.6,9.35672514619883,10.457516339869281,0.6115506631502503
Chips,Cooking Oil,16,1.6,10.738255033557047,9.03954802259887,0.6066810753422062
Cereal,Cheese,16,1.6,10.126582278481013,9.35672514619883,0.592197794063217
Cereal,Shampoo,15,1.5,9.49367088607595,10.79136690647482,0.6829979054730898
Flour,Shampoo,15,1.5,8.982035928143713,10.79136690647482,0.6461896351182526
Eggs,Flour,15,1.5,10.344827586206897,8.982035928143713,0.6194507536650836
Juice,Soap,15,1.5,10.0,9.036144578313253,0.6024096385542168
Chocolate,Tea,15,1.5,9.933774834437086,8.875739644970414,0.5877973274814844
Flour,Jam,15,1.5,8.982035928143713,9.803921568627452,0.5870611717740988
Chocolate,Coffee,15,1.5,9.933774834437086,8.823529411764707,0.5843396961433579
Cereal,Coffee,15,1.5,9.49367088607595,8.823529411764707,0.5584512285927028
Cereal,Cooking Oil,15,1.5,9.49367088607595,8.47457627118644,0.536365586783952
Milk,Rice,15,1.5,5.2264808362369335,9.803921568627452,0.34160005465600873
Rice,Toothpaste,14,1.4000000000000001,9.15032679738562,9.333333333333334,0.6100217864923748
Cereal,Juice,14,1.4000000000000001,8.860759493670885,9.333333333333334,0.5907172995780591
Cereal,Chocolate,14,1.4000000000000001,8.860759493670885,9.271523178807946,0.5868052644815156
Eggs,Tea,14,1.4000000000000001,9.655172413793103,8.284023668639055,0.5713119771475209
Tea,Toothpaste,14,1.4000000000000001,8.284023668639055,9.333333333333334,0.5522682445759369
Coffee,Juice,14,1.4000000000000001,8.235294117647058,9.333333333333334,0.5490196078431372
Rice,Tea,14,1.4000000000000001,9.15032679738562,8.284023668639055,0.5414394554666048
Cheese,Flour,14,1.4000000000000001,8.187134502923977,8.383233532934131,0.4902475750253878
Juice,Shampoo,13,1.3,8.666666666666668,9.352517985611511,0.6235011990407674
Shampoo,Tea,13,1.3,9.352517985611511,7.6923076923076925,0.5534034311012727
Jam,Soap,13,1.3,8.49673202614379,7.83132530120482,0.511851326876132
Cheese,Chips,13,1.3,7.602339181286549,8.724832214765101,0.5102241061266141
Coffee,Toothpaste,13,1.3,7.647058823529412,8.666666666666668,0.5098039215686274
Coffee,Rice,13,1.3,7.647058823529412,8.49673202614379,0.49980776624375234
Chocolate,Shampoo,12,1.2,7.9470198675496695,8.633093525179856,0.571728048025156
Eggs,Juice,12,1.2,8.275862068965518,8.0,0.5517241379310346
Chips,Toothpaste,12,1.2,8.053691275167784,8.0,0.5369127516778524
Cooking Oil,Toothpaste,12,1.2,6.779661016949152,8.0,0.45197740112994356
Chocolate,Eggs,11,1.0999999999999999,7.28476821192053,7.586206896551724,0.5023978077186573
Chocolate,Toothpaste,11,1.0999999999999999,7.28476821192053,7.333333333333333,0.4856512141280353
Cooking Oil,Shampoo,11,1.0999999999999999,6.214689265536723,7.913669064748201,0.44709994716091533
Eggs,Shampoo,10,1.0,6.896551724137931,7.194244604316546,0.49615480029769293
Chips,Eggs,10,1.0,6.7114093959731544,6.896551724137931,0.46285582041194173
Eggs,Toothpaste,10,1.0,6.896551724137931,6.666666666666667,0.4597701149425288
Eggs,Rice,10,1.0,6.896551724137931,6.535947712418301,0.45075501464953804
Chips,Jam,10,1.0,6.7114093959731544,6.535947712418301,0.4386542088871343
Jam,Juice,10,1.0,6.535947712418301,6.666666666666667,0.4357298474945534
Eggs,Soap,10,1.0,6.896551724137931,6.024096385542169,0.4154549231408392
Juice,Toothpaste,9,0.8999999999999999,6.0,6.0,0.39999999999999997
Rice,Shampoo,8,0.8,5.228758169934641,5.755395683453238,0.3761696525132835
Jam,Shampoo,5,0.5,3.2679738562091507,3.597122302158273,0.23510603282080217
